doct_Id,dept_Id,FName,LName,Gender,contact_No,surgeon_Type,office_No
-0.8487050843099007,1.4855995975373206,186,131,0,567,15,407
-0.4884384362763102,1.4855995975373206,254,163,1,1415,7,960
1.717040082134452,0.7112352322602223,1,229,1,1431,2,876
0.8371580763601061,-0.6162465367862319,0,122,0,386,15,970
-0.9826503765275176,1.3749761167834496,221,189,1,102,15,344
-0.8972025176990378,1.4855995975373206,159,8,1,357,15,384
1.7031836725946987,0.04749434773699524,0,176,1,383,7,770
0.6454777443935162,-1.279987421309459,2,176,1,728,31,624
-0.09814956757325381,-1.279987421309459,1,229,0,1386,15,554
-0.9641751638078463,1.3749761167834496,163,267,0,266,15,353
-0.7401632095818318,-0.6162465367862319,1,19,1,691,2,724
1.1373802830547648,1.043105674521836,251,229,1,872,23,728
-0.7494008159416674,0.04749434773699524,2,122,1,349,23,707
-0.280592293180008,-0.726870017540103,251,163,1,920,2,1036
0.8348486747701472,1.596223078291192,251,261,0,1105,2,787
-0.16743161527202122,-0.726870017540103,1,229,1,275,15,800
-0.13048118983267862,-1.279987421309459,252,176,0,912,2,657
0.01732051192469185,-1.5012343828172015,2,229,1,348,7,885
-1.1443084878246417,0.7112352322602223,120,122,1,168,15,270
0.7955888477408457,0.9324821937679647,250,261,1,1221,2,427
0.38451536472815906,0.2687413092447376,251,176,1,527,15,782
1.0057443924271068,-1.1693639405555878,251,163,1,123,15,655
-0.18821622958165143,-1.3906109020633302,251,122,1,1467,2,454
0.21131024548124058,0.04749434773699524,254,122,1,871,31,880
0.13048118983267862,-0.9481169790478454,254,229,0,1220,23,1020
1.6315922233059723,-0.2843760945246183,0,229,1,310,31,852
-1.532287954937739,-0.9481169790478454,164,74,0,479,15,90
1.5507631676574103,-0.2843760945246183,252,19,0,1349,9,743
-1.1189050703350936,0.8218587130140935,127,310,1,644,15,282
-1.0680982353559973,1.1537291552757072,39,42,1,36,15,305
1.6939460662348629,-0.9481169790478454,250,19,0,1341,23,916
0.32908972656914515,0.3793647899986088,254,122,1,321,28,864
1.72165888531437,1.3749761167834496,0,163,1,1050,28,498
0.5276982633056118,-0.726870017540103,1,163,1,705,9,1041
-0.49767604263614584,-1.6118578635710725,253,163,0,1029,9,788
0.5785050982847078,-1.1693639405555878,254,176,1,352,7,518
-1.2205187402932858,0.48998827075247997,68,48,1,967,15,236
-1.4699341120088483,-0.5056230560323607,182,176,0,350,15,119
-0.1789786232218158,0.2687413092447376,2,122,1,398,9,789
-0.38451536472815906,-1.1693639405555878,1,122,1,568,7,602
-1.3290606150213546,0.04749434773699524,218,183,0,46,12,185
-0.49536664104618694,1.1537291552757072,254,19,1,569,31,811
0.758638422301503,0.8218587130140935,253,261,0,252,2,725
0.9849597781174766,0.15811782849086642,2,19,0,1368,9,960
0.8233016668203527,-1.6118578635710725,1,176,0,1323,28,831
0.5369358696654474,-0.2843760945246183,251,261,0,1065,15,942
-1.0727170385359153,1.1537291552757072,199,22,1,468,15,303
0.27135468682017233,-0.3949995752784895,252,163,0,178,9,892
-0.867180297029572,1.4855995975373206,135,34,1,229,15,398
1.031147809916655,-1.7224813443249438,1,122,1,112,23,598
-1.6593050423854794,-1.0587404598017167,47,287,1,19,15,34
-0.4584162156068443,-1.5012343828172015,252,176,0,661,7,877
-1.2459221577828339,0.48998827075247997,119,299,1,780,15,224
0.6847375714228178,0.15811782849086642,251,261,0,1083,2,903
0.4006811758578715,-0.2843760945246183,251,19,1,1310,23,561
0.13740939460255536,-0.726870017540103,1,176,1,361,28,769
-0.305995710669556,-0.6162465367862319,252,261,0,805,28,728
0.4214657901675017,-1.279987421309459,0,122,0,231,15,451
-0.3013769074896382,0.8218587130140935,254,176,1,1277,15,878
-1.2967289927619299,0.15811782849086642,24,106,0,991,15,200
-0.09122136280337707,-0.17375261377074713,253,176,1,1427,2,574
0.43070339652733736,-1.6118578635710725,0,122,0,224,31,734
0.9664845653978053,-1.7224813443249438,250,163,0,478,15,693
1.0842640464857098,0.2687413092447376,0,163,0,1216,23,683
0.8025170525107224,-0.2843760945246183,0,229,1,389,28,594
0.3498743408787754,1.596223078291192,253,176,0,215,15,733
-1.5392161597076157,-0.9481169790478454,221,23,1,293,15,87
-0.1120059771130073,-1.1693639405555878,2,19,1,1080,31,925
-1.6200452153561777,-1.0587404598017167,44,213,1,801,15,51
1.2320657482430803,0.8218587130140935,1,122,1,1311,31,639
-1.372939245230574,0.04749434773699524,120,156,1,926,41,165
0.9272247383685037,-0.8374934982939742,252,163,0,943,28,493
0.9041307224689146,-0.06312913301687595,0,261,0,1066,28,565
0.518460656945776,0.3793647899986088,1,261,0,931,31,761
0.7101409889123659,1.4855995975373206,2,229,1,736,7,908
0.13279059142263752,0.15811782849086642,254,19,1,114,31,832
1.107358062385299,0.8218587130140935,252,122,1,864,23,741
1.6870178614649862,-0.6162465367862319,2,176,0,1404,9,722
1.585404191506794,0.8218587130140935,250,261,0,1022,23,481
-1.31751360707156,0.04749434773699524,48,173,0,281,1,191
1.398342662720122,0.6006117515063512,250,122,0,1422,23,500
1.1466178894146004,1.043105674521836,254,229,0,947,15,697
0.6708811618830643,-1.5012343828172015,250,229,0,1446,31,478
0.4607256171968032,-1.3906109020633302,0,163,1,1275,15,462
0.15357520573226774,1.2643526360295783,2,19,0,601,9,1009
-0.89258371451912,1.4855995975373206,120,101,1,41,15,386
0.9872691797074354,-1.6118578635710725,250,261,0,1346,23,476
1.0357666130965726,-0.06312913301687595,253,163,0,1208,9,951
-0.9318435415484215,1.4855995975373206,174,0,1,655,15,368
0.6015991141842969,1.3749761167834496,252,176,1,1485,23,718
-0.31292391543943276,0.7112352322602223,252,261,1,960,7,852
0.49767604263614584,-1.0587404598017167,2,122,1,1151,31,849
1.2089717323434912,-1.1693639405555878,251,229,0,781,7,870
-0.3706589551884056,-1.279987421309459,0,176,0,243,31,722
1.243612756192875,1.3749761167834496,253,163,1,1318,7,986
-0.27366408841013123,-1.7224813443249438,251,163,1,1425,2,945
-1.1697119053141896,0.48998827075247997,167,289,0,85,15,259
1.4422212929293414,0.48998827075247997,0,163,0,950,7,599
1.6200452153561777,1.4855995975373206,252,163,0,334,15,525
0.03348632305440424,1.4855995975373206,1,122,0,438,7,566
0.548482877615242,0.7112352322602223,1,19,0,771,31,483
-0.7817324382010922,-0.17375261377074713,254,163,0,1027,23,114
1.5484537660674513,-1.279987421309459,252,163,0,789,2,551
1.0981204560254634,0.9324821937679647,253,163,0,103,9,913
-1.0196008019668603,1.3749761167834496,229,15,1,282,15,327
0.3036863090795971,0.6006117515063512,1,229,1,158,7,456
-0.8117546588705581,1.596223078291192,95,185,0,535,15,423
-0.8764179033894076,1.4855995975373206,145,256,1,835,15,394
-1.6061888058164242,-1.0587404598017167,39,143,1,472,15,57
1.3590828356908204,-0.06312913301687595,252,122,1,1024,9,506
0.99881618765723,0.04749434773699524,0,229,1,1077,9,893
-1.0103631956070247,1.3749761167834496,46,89,1,650,15,331
0.39606237267795363,0.48998827075247997,1,261,0,378,9,843
-1.479171718368684,-0.6162465367862319,151,31,0,399,15,115
-0.07274615008370577,-0.06312913301687595,252,163,0,561,31,886
-0.13509999301259643,0.04749434773699524,2,122,1,1206,28,595
-1.4999563326783143,-0.726870017540103,17,144,0,50,15,105
0.867180297029572,-1.7224813443249438,2,122,0,851,9,661
-0.18590682799169253,-1.6118578635710725,250,176,1,1381,31,543
1.4445306945193004,1.596223078291192,2,261,1,908,2,508
-1.1165956687451346,0.8218587130140935,31,276,0,222,15,283
-0.1651222136820623,-1.0587404598017167,252,122,0,1332,7,504
-1.0473136210463672,1.1537291552757072,173,36,0,651,15,315
-0.5092230505859404,1.1537291552757072,2,122,0,729,31,589
0.44917860924700864,-1.0587404598017167,252,176,0,1411,28,880
0.6085273189541737,0.6006117515063512,250,163,0,446,2,981
0.4630350187867621,-1.279987421309459,251,163,0,1228,7,873
-0.8602520922596952,1.4855995975373206,78,218,0,482,15,401
-1.0704076369459563,1.1537291552757072,166,206,1,699,15,304
1.590022994686712,-1.5012343828172015,253,163,1,1030,9,1045
-0.04503333100419881,-0.726870017540103,1,176,0,94,15,601
-1.4399118913393825,-0.17375261377074713,9,214,1,673,15,133
-0.9757221717576409,1.3749761167834496,70,163,1,840,15,347
-1.0565512274062028,1.1537291552757072,136,300,0,905,15,311
-0.465344420376721,-0.9481169790478454,252,19,1,775,28,735
-0.05196153577407555,-1.7224813443249438,1,229,0,173,15,753
0.3660401520084878,-1.7224813443249438,252,122,0,883,7,946
-0.9110589272387913,1.4855995975373206,120,58,1,56,15,378
-1.3382982213811903,0.04749434773699524,58,49,1,303,36,181
0.49998544422610475,1.043105674521836,254,229,1,279,28,979
0.8856555097492433,-1.6118578635710725,250,19,1,329,15,436
-0.22747605661095296,-1.7224813443249438,0,261,1,1119,31,856
-1.2482315593727926,0.48998827075247997,25,215,1,976,15,223
1.4953375294983964,0.04749434773699524,0,261,0,1165,2,911
-1.4075802690799577,-0.06312913301687595,58,219,1,794,15,149
0.7701854302512976,1.3749761167834496,251,176,1,726,9,549
0.5554110823851187,-1.0587404598017167,1,176,1,1274,23,763
-0.2297854582009119,0.9324821937679647,250,261,0,753,31,588
1.0126725971969834,0.2687413092447376,0,176,0,1235,15,917
1.7285870900842466,-0.6162465367862319,1,163,1,1282,9,559
-0.6108367205441326,0.6006117515063512,0,122,1,1147,15,528
-0.5138418537658582,-0.06312913301687595,250,261,0,1127,7,616
-1.2713255752723818,0.3793647899986088,202,194,0,363,15,212
0.32216152179926844,-0.8374934982939742,253,261,0,1014,2,746
0.21823845025111732,0.7112352322602223,251,122,1,1059,7,825
0.7355444064019139,1.596223078291192,252,261,0,779,7,1038
1.051932424226285,1.043105674521836,0,229,0,1316,23,809
0.7032127841424891,1.4855995975373206,252,261,1,1283,7,566
-1.7078024757746164,-1.6118578635710725,75,263,0,62,15,11
-1.3914144579502454,0.04749434773699524,156,87,1,64,42,156
-0.06581794531382903,0.2687413092447376,253,122,0,1203,15,894
-1.079645243305792,1.1537291552757072,120,268,1,265,15,300
-1.0426948178664495,1.1537291552757072,184,24,0,4,15,317
-0.31523331702939167,0.04749434773699524,2,261,1,1247,9,699
-1.0588606289961617,1.1537291552757072,24,157,0,0,15,310
-0.2320948597908708,1.2643526360295783,252,261,0,1369,7,450
-0.3498743408787754,-0.8374934982939742,250,261,1,141,9,286
0.6778093666529411,-0.9481169790478454,0,19,1,149,2,853
-0.4561068140168854,-1.0587404598017167,251,19,1,1136,23,781
1.266706772092464,0.7112352322602223,2,122,1,1460,2,719
-1.4329836865695058,-0.17375261377074713,29,145,0,382,15,137
0.7193785952722015,-1.279987421309459,252,176,0,467,28,771
-0.9664845653978053,1.3749761167834496,55,283,0,322,15,352
-0.9849597781174766,1.3749761167834496,107,172,1,35,15,343
-0.16050341050214448,0.7112352322602223,253,229,1,1104,23,588
-0.627002531673845,-0.06312913301687595,2,122,1,621,23,600
-0.43532219970725516,0.2687413092447376,251,176,0,849,15,426
-1.4191272770297523,-0.06312913301687595,120,71,1,270,15,143
-0.5623392871549954,-0.06312913301687595,251,122,0,426,15,1011
-0.546173476025283,-0.17375261377074713,0,176,1,979,28,818
1.4352930881594648,-1.6118578635710725,1,229,0,1107,15,982
-0.7263068000420783,-0.17375261377074713,251,176,0,520,23,528
0.2852110963599258,-0.726870017540103,0,122,1,294,15,896
1.6454486328457258,-1.7224813443249438,254,19,1,1187,28,973
0.005773503974897284,-1.3906109020633302,1,163,0,958,2,936
-0.19514443435152817,1.2643526360295783,1,19,1,370,23,1016
-1.3660110404606973,0.04749434773699524,18,114,1,385,43,168
1.162783700544313,-1.6118578635710725,254,229,1,1461,7,578
1.2528503625527105,1.596223078291192,253,229,1,817,28,548
-0.4029905774478304,1.4855995975373206,252,163,0,594,15,502
-0.9179871320086681,1.4855995975373206,98,204,1,115,15,375
0.43301279811729626,0.8218587130140935,251,261,0,645,15,855
1.2597785673225872,-0.06312913301687595,0,122,1,1025,28,972
1.4837905215486018,-0.6162465367862319,253,176,0,516,31,713
1.2713255752723818,-0.2843760945246183,250,122,0,997,9,978
-0.3660401520084878,-1.0587404598017167,2,261,1,545,15,706
-0.1974538359414871,-1.0587404598017167,250,176,1,1326,9,820
-1.2805631816322174,0.3793647899986088,143,29,1,248,15,207
1.132761479874847,-1.7224813443249438,2,176,0,630,2,812
0.6893563746027357,0.8218587130140935,1,229,0,670,15,859
-0.7193785952722015,0.2687413092447376,1,122,1,1487,31,665
1.583094789916835,0.9324821937679647,252,122,1,929,2,785
-0.24595126933062428,0.6006117515063512,0,163,1,531,2,828
-1.50919393903815,-0.8374934982939742,245,126,0,277,15,100
-0.38220596313820016,-0.17375261377074713,2,163,1,377,31,871
1.0727170385359153,-0.5056230560323607,1,176,1,213,31,821
-1.370629843640615,0.04749434773699524,120,5,1,992,25,166
-0.7632572254814208,1.4855995975373206,250,229,1,1086,23,767
-0.7840418397910511,1.043105674521836,252,261,0,116,28,1039
1.0911922512555865,-0.8374934982939742,251,122,0,1459,2,1036
-0.6293119332638039,0.2687413092447376,250,19,1,1079,28,985
-0.5438640744353241,-0.3949995752784895,2,19,0,1246,23,910
1.236684551422998,0.04749434773699524,2,122,0,1097,7,501
1.6246640185360957,-0.9481169790478454,251,229,0,782,28,459
0.8510144858998596,-0.8374934982939742,1,229,0,1394,15,1018
-0.6985939809625713,-1.3906109020633302,1,229,1,125,2,136
-1.319823008661519,0.04749434773699524,69,35,0,309,35,189
-0.8302298715902293,1.4855995975373206,36,259,0,492,15,415
1.2459221577828339,1.4855995975373206,251,261,0,1442,7,505
1.2874913864020943,-0.8374934982939742,251,122,1,907,31,851
1.4237460802096702,0.7112352322602223,1,19,1,982,7,778
0.6870469730127767,-0.17375261377074713,250,19,0,999,31,775
0.9064401240588735,1.596223078291192,250,176,1,854,28,556
-0.2667358836402545,-0.9481169790478454,252,176,1,1017,31,840
0.2667358836402545,1.596223078291192,2,19,0,1257,31,898
0.08660255962345925,-1.0587404598017167,1,261,1,1464,15,970
-0.012701708744774024,1.3749761167834496,250,122,0,1178,2,628
0.252879474100501,1.4855995975373206,250,19,1,1089,28,979
-1.051932424226285,1.1537291552757072,198,140,0,723,15,313
-0.4745820267365567,-0.2843760945246183,250,122,0,1391,23,933
1.4145084738498344,0.3793647899986088,254,19,0,538,23,836
-1.5276691517578211,-0.9481169790478454,114,271,0,674,15,92
0.6500965475734342,0.2687413092447376,250,163,1,1033,31,654
1.453768300879136,1.4855995975373206,2,163,1,390,7,632
-0.4006811758578715,1.4855995975373206,0,122,1,968,15,966
0.36142134882856997,0.15811782849086642,254,122,0,989,7,540
1.4722435135988072,-0.2843760945246183,253,163,0,663,28,532
0.7886606429709689,0.15811782849086642,252,163,1,813,31,748
0.44686920765704974,-0.2843760945246183,251,19,1,1023,9,497
-1.0611700305861207,1.1537291552757072,245,73,0,927,15,309
1.5438349628875336,1.4855995975373206,253,19,1,1479,23,579
0.6200743269039682,-1.3906109020633302,250,176,1,677,2,592
-0.9272247383685037,1.4855995975373206,122,19,1,464,15,370
-0.4214657901675017,-0.2843760945246183,2,122,1,1226,28,569
1.52997855334778,-0.2843760945246183,252,122,0,1312,28,509
0.7124503905023248,1.2643526360295783,1,122,1,219,15,899
-0.3475649392888165,-1.1693639405555878,252,163,0,953,7,532
-0.6731905634730233,-0.5056230560323607,2,261,1,863,31,575
-0.864870895439613,1.4855995975373206,107,178,1,113,15,399
-0.9618657622178874,1.3749761167834496,171,248,0,843,15,354
0.015011110334732937,0.3793647899986088,252,19,1,119,9,967
1.3244418118414367,-0.06312913301687595,254,261,1,1254,7,663
-0.08891196121341817,0.3793647899986088,2,261,0,106,9,590
1.4768623167787251,-0.5056230560323607,252,122,0,217,31,791
-0.4237751917574606,0.48998827075247997,252,229,1,877,23,471
-0.973412770167682,1.3749761167834496,45,195,1,762,15,348
-0.9965067860672712,1.3749761167834496,188,149,1,76,15,337
1.2759443784522997,0.8218587130140935,1,261,1,290,2,465
0.46765382196668,-1.1693639405555878,252,122,0,1409,2,872
-1.7031836725946987,-1.5012343828172015,176,184,1,34,15,13
-1.3359888197912313,0.04749434773699524,120,273,1,179,20,182
-1.1304520782848881,0.7112352322602223,142,160,0,10,15,277
0.16050341050214448,-0.6162465367862319,252,229,0,570,23,737
1.719349483724411,-0.3949995752784895,252,176,0,456,28,939
0.10738717393308947,1.043105674521836,250,19,0,577,23,580
-1.4121990722598756,-0.06312913301687595,181,21,1,20,15,146
-0.4630350187867621,-1.7224813443249438,254,163,0,1145,7,558
-0.31061451384947386,-0.9481169790478454,253,261,0,1112,2,935
0.22054785184107623,-0.17375261377074713,254,122,0,646,31,992
0.06350854372387012,0.04749434773699524,251,122,0,1040,7,921
-0.44225040447713193,-0.2843760945246183,254,122,0,199,2,1017
-1.4098896706699167,-0.06312913301687595,14,102,1,366,15,148
1.292110189582012,-0.6162465367862319,252,163,1,777,2,853
0.6316213348537628,-0.3949995752784895,2,19,1,1173,31,798
-1.213590535523409,0.48998827075247997,122,50,1,159,15,239
0.49305723945622804,-1.1693639405555878,254,122,1,433,15,814
-0.78635124138101,0.3793647899986088,252,261,1,490,23,978
-0.9803409749375588,1.3749761167834496,25,141,1,745,15,345
-1.0403854162764905,1.1537291552757072,144,298,0,622,15,318
0.5623392871549954,-1.5012343828172015,2,261,1,457,9,634
0.652405949163393,-0.2843760945246183,253,176,0,313,7,882
-0.18359742640173363,-0.726870017540103,1,176,1,532,2,538
1.6847084598750273,0.9324821937679647,2,122,0,188,15,527
0.4537974124269265,1.043105674521836,250,122,1,1227,23,987
1.1997341259836556,1.1537291552757072,253,229,1,439,28,845
-0.4076093806277482,0.3793647899986088,254,261,1,831,2,403
-0.5692674919248721,0.15811782849086642,254,229,1,1190,31,920
0.6639529571131876,-1.6118578635710725,254,163,1,769,7,479
-1.723968286904329,-1.7224813443249438,77,155,1,977,15,3
1.6593050423854794,-0.17375261377074713,0,261,1,204,31,681
-0.652405949163393,1.3749761167834496,2,163,0,1361,31,887
-0.9895785812973944,1.3749761167834496,74,285,1,684,15,341
-1.719349483724411,-1.7224813443249438,184,100,0,260,15,5
0.5161512553558172,-0.17375261377074713,2,229,1,416,9,1041
-0.46765382196668,-1.1693639405555878,251,261,1,306,7,768
1.6777802551051506,1.4855995975373206,251,176,1,1232,2,720
-1.640829829665808,-1.0587404598017167,11,40,1,128,15,42
-0.4792008299164745,-0.06312913301687595,1,163,0,583,2,430
-1.1720213069041485,0.48998827075247997,48,2,0,708,15,258
-1.4168178754397933,-0.06312913301687595,221,135,1,597,15,144
-0.3406367345189397,0.2687413092447376,252,163,0,1260,28,114
0.05196153577407555,-0.5056230560323607,251,163,1,1144,23,914
0.22285725343103513,-1.279987421309459,2,163,0,1021,23,591
0.78635124138101,-0.06312913301687595,251,261,0,376,28,475
1.4214366786197112,-1.7224813443249438,250,176,1,1239,7,973
-0.3891341679080769,0.7112352322602223,254,163,0,704,31,818
1.6731614519252327,-1.5012343828172015,251,229,1,1497,9,1042
0.08891196121341817,0.8218587130140935,2,122,1,295,2,1023
1.4745529151887662,-0.5056230560323607,254,19,0,1210,2,715
-0.8625614938496542,1.4855995975373206,93,24,1,7,15,400
-1.0057443924271068,1.3749761167834496,137,171,1,31,15,333
-0.7101409889123659,-1.0587404598017167,2,229,0,798,9,583
-0.9941973844773122,1.3749761167834496,133,124,1,653,15,339
1.6823990582850683,-1.0587404598017167,250,229,1,1047,15,582
0.10045896916321273,-0.9481169790478454,251,122,1,190,15,782
0.8833461081592844,-1.7224813443249438,2,163,0,611,9,943
-0.7517102175316263,0.6006117515063512,252,163,1,1192,9,940
-0.4537974124269265,-1.279987421309459,253,19,0,1181,31,486
-0.359111947238611,1.043105674521836,250,176,0,429,9,915
0.33139912815910405,-1.0587404598017167,1,163,1,419,23,1010
1.6893272630549452,-0.9481169790478454,2,261,1,1271,9,1043
1.079645243305792,-1.3906109020633302,250,261,1,1177,7,542
0.9572469590379696,1.2643526360295783,252,261,1,936,7,1016
-1.2066623307535322,0.48998827075247997,221,32,1,998,15,242
-0.08198375644354143,-0.17375261377074713,254,229,0,1378,31,488
0.13971879619251426,-0.726870017540103,2,19,1,476,9,956
0.5300076648955706,-0.726870017540103,2,19,1,326,23,794
0.7517102175316263,-0.06312913301687595,252,176,0,1484,28,732
-1.5784759867369174,-1.0587404598017167,64,68,1,889,15,69
-0.8233016668203527,1.596223078291192,120,152,1,911,15,418
-0.39375297108799473,0.48998827075247997,250,229,0,93,31,902
0.5531016807951598,-1.6118578635710725,252,261,0,1063,23,698
-1.243612756192875,0.48998827075247997,67,287,1,647,15,225
0.9456999510881751,1.596223078291192,251,261,1,1376,28,595
0.07274615008370577,-0.9481169790478454,252,176,0,1324,31,1043
-0.49305723945622804,0.3793647899986088,253,229,0,1410,9,658
0.05658033895399338,-0.2843760945246183,254,19,1,1393,15,530
-0.20438204071136384,-1.279987421309459,2,176,0,1148,28,913
-1.534597356527698,-0.9481169790478454,83,121,0,816,15,89
1.3844862531803686,0.8218587130140935,254,163,1,853,15,882
1.0773358417158332,-1.7224813443249438,254,19,0,345,23,641
0.38220596313820016,1.596223078291192,253,19,0,1354,15,614
-0.20669144230132275,-1.6118578635710725,252,261,1,1225,23,924
1.3867956547703275,1.596223078291192,251,176,0,1322,15,870
-0.27597349000009014,1.596223078291192,2,261,0,1158,28,907
0.654715350753352,-1.5012343828172015,2,176,0,629,31,446
1.4999563326783143,-0.3949995752784895,252,176,1,1379,7,955
0.7909700445609278,1.596223078291192,2,176,1,1453,31,993
-1.1004298576154223,0.9324821937679647,217,46,0,546,15,291
-0.06350854372387012,0.2687413092447376,252,122,0,1328,7,905
-0.894893116109079,1.4855995975373206,118,180,1,606,15,385
-0.2944487027197615,-0.17375261377074713,253,122,0,1468,28,976
-1.7262776884942879,-1.7224813443249438,207,169,1,70,15,2
-1.717040082134452,-1.7224813443249438,27,201,0,197,15,6
-1.0126725971969834,1.3749761167834496,120,1,1,58,15,330
0.9641751638078463,1.2643526360295783,254,229,0,1319,7,773
0.43532219970725516,0.15811782849086642,2,229,1,1249,2,896
1.6800896566951096,-1.1693639405555878,1,229,0,408,7,437
-1.2343751498330393,0.48998827075247997,221,187,1,860,15,229
1.31751360707156,0.2687413092447376,253,261,0,1258,31,434
-1.668542648745315,-1.0587404598017167,35,267,1,356,15,29
1.6523768376156025,1.2643526360295783,2,122,1,619,2,860
0.6339307364437218,0.9324821937679647,253,122,0,341,23,571
0.08198375644354143,-0.2843760945246183,250,122,1,701,15,798
-0.25749827728041885,0.48998827075247997,252,261,0,287,28,627
0.18359742640173363,-0.5056230560323607,253,122,1,1170,9,882
0.1766692216318569,1.2643526360295783,1,176,1,304,2,674
-0.2898298995398436,-0.6162465367862319,253,176,1,130,9,700
0.2297854582009119,-1.5012343828172015,0,122,1,636,23,464
-1.1396896846447238,0.7112352322602223,57,163,1,15,15,272
-1.6731614519252327,-1.1693639405555878,225,256,0,200,15,27
-0.9549375574480107,1.3749761167834496,170,179,0,30,15,357
-0.4099187822177071,-0.5056230560323607,252,229,0,1209,15,431
-1.6223546169461367,-1.0587404598017167,87,130,1,501,15,50
-1.4860999231385608,-0.6162465367862319,132,269,1,563,15,111
-0.9249153367785448,1.4855995975373206,174,304,1,323,15,372
-1.6038794042264652,-1.0587404598017167,38,37,1,539,15,58
0.13509999301259643,1.4855995975373206,2,19,0,212,31,633
-1.238993953012957,0.48998827075247997,228,33,1,638,15,227
-1.453768300879136,-0.3949995752784895,183,266,0,74,15,127
0.27597349000009014,1.596223078291192,1,261,1,610,23,717
0.24364186774066537,-1.6118578635710725,251,261,1,220,31,738
-1.5646195771971638,-1.0587404598017167,111,105,0,176,15,75
1.456077702469095,1.043105674521836,253,122,1,1297,31,929
-0.06812734690378794,-0.3949995752784895,251,122,1,1223,23,1029
-1.6269734201260544,-1.0587404598017167,108,6,1,994,15,48
1.185877716443902,-0.726870017540103,254,19,0,688,31,349
-0.5230794601256938,0.48998827075247997,2,163,0,689,15,792
0.27366408841013123,0.8218587130140935,253,163,0,1286,15,546
0.8256110684103115,-0.6162465367862319,2,19,0,918,9,1021
1.2112811339334502,-0.726870017540103,252,163,0,154,28,676
0.12124358347284295,1.1537291552757072,254,19,1,615,23,738
-0.49998544422610475,0.7112352322602223,254,176,1,369,28,651
0.894893116109079,-0.9481169790478454,251,163,1,1471,31,750
-0.3383273329289808,-1.1693639405555878,251,122,0,1493,2,1022
-0.6570247523433108,0.3793647899986088,251,19,0,1256,28,710
1.0450042194564082,0.6006117515063512,1,229,1,844,23,483
1.2182093387033268,-1.5012343828172015,254,261,0,634,28,649
1.6015700026365065,-1.3906109020633302,2,122,0,1448,15,667
0.5507922792052008,0.2687413092447376,2,229,0,1363,31,521
-1.592332396276671,-1.0587404598017167,187,166,1,855,15,63
0.31292391543943276,-0.06312913301687595,252,261,0,620,9,1035
-1.5184315453979855,-0.8374934982939742,99,136,1,66,15,96
-0.19283503276156927,1.596223078291192,2,163,1,784,28,1012
-0.10276837075317165,1.1537291552757072,252,122,0,1116,28,244
-1.2828725832221763,0.2687413092447376,48,91,0,945,15,206
-1.0842640464857098,1.1537291552757072,157,199,1,696,15,298
-0.12586238665276078,-0.3949995752784895,253,163,1,1405,9,765
-0.9018213208789557,1.4855995975373206,100,230,1,52,15,382
-0.5323170664855296,-0.06312913301687595,252,163,0,162,7,807
0.1443375993724321,-1.6118578635710725,251,122,1,347,31,338
0.04041452782428098,0.9324821937679647,2,261,1,247,28,950
-1.3105854023016834,0.04749434773699524,214,96,0,719,40,194
1.7008742710047398,-1.7224813443249438,254,176,1,1436,31,671
-1.4768623167787251,-0.5056230560323607,70,24,1,669,15,116
-1.6339016248959313,-1.0587404598017167,73,191,1,145,15,45
0.5923615078244613,0.48998827075247997,0,163,1,1350,2,1036
-1.2597785673225872,0.48998827075247997,102,303,1,5,15,217
0.16281281209210338,-0.8374934982939742,2,163,1,1044,28,1026
-1.6108076089963421,-1.0587404598017167,123,234,1,245,15,55
-0.4722726251465978,0.6006117515063512,252,229,1,510,28,854
0.8810367065693254,-0.9481169790478454,254,176,0,1130,28,428
0.9410811479082573,0.48998827075247997,251,19,1,1443,31,977
1.6569956407955204,-1.3906109020633302,0,19,0,397,9,468
0.3706589551884056,0.3793647899986088,0,122,1,373,2,605
-1.3082760007117245,0.04749434773699524,183,112,0,297,4,195
-1.4145084738498344,-0.06312913301687595,238,233,1,584,15,145
0.9226059351885859,-1.7224813443249438,254,176,1,1304,7,573
-1.5461443644774926,-0.9481169790478454,222,266,1,172,15,84
1.0680982353559973,-0.9481169790478454,2,163,0,596,23,794
-1.4884093247285197,-0.6162465367862319,110,211,1,822,15,110
-0.48151023150643346,1.2643526360295783,250,163,1,1155,31,577
1.3013477959418478,-0.726870017540103,251,163,1,1162,28,913
-0.6223837284939272,1.1537291552757072,253,229,1,218,28,949
-1.3498452293309848,0.04749434773699524,53,60,1,22,39,176
-1.158164897364395,0.6006117515063512,120,139,1,29,15,264
-1.0219102035568193,1.3749761167834496,21,231,1,331,15,326
-0.7009033825525303,-1.7224813443249438,251,176,0,922,28,1031
-0.008082905564856196,-1.0587404598017167,252,19,1,465,2,895
-0.9595563606279285,1.3749761167834496,134,197,0,697,15,355
-1.506884537448191,-0.726870017540103,66,99,0,972,15,101
0.021939315104609676,-0.2843760945246183,2,163,0,367,2,564
-0.02886751987448642,-1.0587404598017167,250,122,1,541,7,796
0.199763237531446,-1.3906109020633302,254,229,1,1194,31,934
0.44455980606709083,1.596223078291192,250,261,0,1108,7,635
-1.4953375294983964,-0.726870017540103,116,294,0,57,15,107
-0.7286162016320372,1.1537291552757072,252,176,0,203,31,749
-1.560000774017246,-1.0587404598017167,48,62,0,612,15,77
1.3637016388707384,-1.1693639405555878,252,176,0,1417,28,704
0.864870895439613,1.1537291552757072,251,229,0,1146,15,662
1.4075802690799577,-1.279987421309459,253,19,0,267,9,1005
-1.0334572115066138,1.2643526360295783,119,77,1,312,15,321
1.183568314853943,-1.279987421309459,250,19,0,876,15,650
1.0935016528455455,-1.5012343828172015,254,261,0,675,31,604
-0.03810512623432207,-0.726870017540103,251,19,0,503,31,434
-0.8348486747701472,1.4855995975373206,10,308,0,335,15,413
-1.188187118033861,0.48998827075247997,194,242,1,749,15,251
1.1443084878246417,0.04749434773699524,253,163,0,470,2,439
-1.1142862671551756,0.8218587130140935,22,78,0,588,15,284
-1.026529006736737,1.3749761167834496,240,38,1,401,15,324
-1.4606965056490127,-0.3949995752784895,213,86,0,521,15,123
1.0657888337660386,1.596223078291192,0,163,1,170,23,786
-0.1766692216318569,0.8218587130140935,2,229,0,1342,9,447
-1.1558554957744362,0.6006117515063512,150,146,1,308,15,265
0.7932794461508867,-1.5012343828172015,251,176,0,466,2,523
0.760947823891462,-0.726870017540103,252,176,1,1135,2,615
-1.5669289787871228,-1.0587404598017167,168,249,0,161,15,74
-1.5138127422180678,-0.8374934982939742,203,274,0,764,15,98
0.22516665502099406,0.04749434773699524,1,176,0,824,15,698
-1.6546862392055615,-1.0587404598017167,192,296,1,526,15,36
0.8094452572805991,0.3793647899986088,1,163,1,710,31,751
-0.6962845793726123,-1.3906109020633302,1,176,1,1365,2,603
-0.7032127841424891,0.6006117515063512,251,229,0,413,15,630
0.04965213418411664,1.4855995975373206,250,163,0,1133,31,1014
-0.0773649532636236,0.7112352322602223,1,19,0,1330,31,506
0.31523331702939167,0.6006117515063512,2,176,0,305,15,520
1.1419990862346827,-1.7224813443249438,2,261,1,632,31,935
0.3475649392888165,1.3749761167834496,252,229,0,1240,31,986
0.6593341539332698,-1.3906109020633302,252,19,1,1117,15,472
-1.5530725692473693,-1.0587404598017167,226,136,0,830,15,80
-1.5369067581176568,-0.9481169790478454,169,109,0,892,15,88
0.19514443435152817,0.2687413092447376,254,163,0,236,31,947
-1.5415255612975747,-0.9481169790478454,120,57,1,332,15,86
-0.6754999650629822,-1.6118578635710725,0,122,1,1046,7,526
0.3891341679080769,1.3749761167834496,0,122,1,391,23,466
-0.16974101686198012,-0.06312913301687595,0,163,1,124,28,579
0.5415546728453652,-1.279987421309459,253,229,1,1196,23,338
1.1304520782848881,-1.6118578635710725,250,19,0,1294,9,816
-0.7239973984521193,0.15811782849086642,250,122,0,1315,9,907
0.04734273259415772,-0.3949995752784895,0,163,0,187,28,929
-0.24364186774066537,-1.5012343828172015,0,261,1,487,28,770
0.8533238874898185,-0.9481169790478454,250,19,1,1126,15,828
0.359111947238611,-0.726870017540103,253,122,0,969,28,827
1.024219605146778,-0.9481169790478454,253,176,0,1457,31,684
-0.7978982493308046,-0.2843760945246183,254,229,1,1305,7,679
1.2782537800422586,0.48998827075247997,252,261,1,1074,28,532
0.4237751917574606,0.2687413092447376,253,176,0,396,31,1048
1.6985648694147808,-0.3949995752784895,1,163,0,1241,2,452
-1.4907187263184787,-0.726870017540103,28,305,0,44,15,109
-0.32447092338922734,-0.6162465367862319,253,229,0,1128,23,551
1.6292828217160134,1.2643526360295783,1,229,0,333,9,652
-0.14202819778247316,0.9324821937679647,253,229,1,146,23,838
0.4584162156068443,-1.1693639405555878,250,163,0,547,9,930
0.4191563885775428,0.15811782849086642,1,122,0,757,15,544
-1.587713593096753,-1.0587404598017167,161,163,1,856,15,65
-1.0819546448957509,1.1537291552757072,221,217,1,221,15,299
0.06581794531382903,-1.0587404598017167,0,122,1,337,15,871
1.4860999231385608,0.04749434773699524,250,176,1,374,7,804
-1.1812589132639841,0.48998827075247997,51,163,0,763,15,254
-1.2158999371133679,0.48998827075247997,65,303,1,1,15,238
-1.3960332611301631,-0.06312913301687595,81,225,0,724,15,154
1.4976469310883553,0.15811782849086642,254,19,1,869,7,659
-0.8694896986195308,1.4855995975373206,132,24,1,484,15,397
1.10504866079534,1.596223078291192,2,122,0,1161,2,587
-1.458387104059054,-0.3949995752784895,183,119,0,340,15,124
0.9618657622178874,0.7112352322602223,252,19,1,180,31,718
-1.1535460941844773,0.6006117515063512,243,171,0,342,15,266
1.6038794042264652,-1.279987421309459,250,176,0,656,7,664
0.6293119332638039,1.4855995975373206,253,229,0,659,28,537
-1.7101118773645754,-1.6118578635710725,191,82,1,194,15,10
-0.6939751777826535,0.8218587130140935,252,176,1,87,28,392
0.305995710669556,-1.0587404598017167,2,163,1,557,9,843
-0.09584016598329491,-0.9481169790478454,251,229,1,1068,31,983
-1.1419990862346827,0.7112352322602223,105,236,1,315,15,271
-0.36142134882856997,-0.2843760945246183,250,261,1,343,28,909
-0.8325392731801883,1.4855995975373206,63,80,0,954,15,414
0.7794230366111333,-0.17375261377074713,1,163,1,1382,31,682
1.0403854162764905,0.48998827075247997,250,163,0,1167,7,435
-0.44455980606709083,-1.1693639405555878,251,19,0,1039,7,752
1.241303354602916,1.1537291552757072,2,163,1,1020,7,880
0.20669144230132275,-1.279987421309459,254,122,1,1419,23,1006
-0.6685717602931054,-0.2843760945246183,0,261,1,1356,2,621
-0.06119914213391121,1.596223078291192,0,176,0,770,9,632
1.458387104059054,-0.17375261377074713,253,19,1,493,28,689
-1.398342662720122,-0.06312913301687595,162,104,0,1004,15,153
-0.57388629510479,1.4855995975373206,254,261,0,1036,23,933
0.8048264541006813,-1.6118578635710725,253,261,1,1120,28,900
-0.02424871669456859,0.6006117515063512,251,19,0,859,23,651
1.4653153088289306,0.8218587130140935,253,163,0,394,28,727
-0.0427239294142399,-0.5056230560323607,252,229,0,1159,9,941
-0.48612903468635127,-1.7224813443249438,251,176,1,447,9,661
-1.322132410251478,0.04749434773699524,66,53,0,63,10,188
1.6084982074063832,1.4855995975373206,254,122,1,126,28,817
-0.12124358347284295,1.2643526360295783,252,176,0,815,31,865
0.439941002887173,0.15811782849086642,250,122,0,1035,15,952
0.6916657761926945,1.3749761167834496,251,261,1,832,15,910
0.39837177426791254,1.2643526360295783,253,163,0,271,28,571
0.3429461361088986,0.9324821937679647,253,122,1,1064,2,512
1.7147306805444933,-1.279987421309459,251,122,0,1150,7,864
-1.7147306805444933,-1.6118578635710725,222,110,1,885,15,7
0.25980767887037776,-0.17375261377074713,251,122,1,799,31,856
-0.19052563117161037,1.1537291552757072,254,261,1,132,31,819
0.9480093526781339,-1.7224813443249438,252,19,0,995,31,1037
-0.9064401240588735,1.4855995975373206,113,42,1,380,15,380
0.0773649532636236,-1.1693639405555878,252,229,0,1055,15,844
-0.03348632305440424,-0.8374934982939742,2,122,0,251,31,932
-0.9711033685777231,1.3749761167834496,119,66,1,504,15,350
0.7055221857324481,-0.06312913301687595,0,163,1,879,9,740
0.920296533598627,0.3793647899986088,2,122,0,1184,9,772
0.8487050843099007,0.8218587130140935,251,122,0,1172,2,944
-1.1350708814648058,0.7112352322602223,40,132,1,78,15,274
0.9826503765275176,0.2687413092447376,254,229,1,702,31,460
-0.8717991002094898,1.4855995975373206,120,270,1,108,15,396
0.8163734620504759,-1.6118578635710725,2,176,1,471,23,497
0.4052999790377893,-0.6162465367862319,253,163,0,1456,2,675
-1.4029614659000398,-0.06312913301687595,172,297,0,153,15,151
-0.518460656945776,1.1537291552757072,1,122,0,1219,2,741
0.8972025176990378,1.596223078291192,0,229,1,751,7,455
0.5946709094144202,-1.0587404598017167,253,261,0,1385,15,613
0.8579426906697363,-0.8374934982939742,0,122,1,208,28,657
1.5553819708373282,0.6006117515063512,253,229,1,1351,23,797
-0.7147597920922837,0.7112352322602223,253,122,0,1416,31,541
-0.5046042474060226,0.04749434773699524,253,176,0,878,2,440
1.0426948178664495,0.8218587130140935,254,122,1,818,15,447
-1.2089717323434912,0.48998827075247997,174,34,1,640,15,241
0.6616435555232287,-0.726870017540103,252,261,1,1476,9,483
-1.2043529291635733,0.48998827075247997,196,170,1,60,15,243
1.2228281418832447,0.04749434773699524,254,229,1,720,31,638
1.6154264121762598,-1.5012343828172015,251,163,0,214,7,866
-1.241303354602916,0.48998827075247997,80,264,1,338,15,226
-1.5484537660674513,-0.9481169790478454,33,306,1,1009,15,83
-1.3891050563602865,0.04749434773699524,87,109,1,8,3,157
0.1489564025523499,1.2643526360295783,1,229,1,915,23,786
0.3544931440586932,0.48998827075247997,250,163,1,899,7,503
0.48151023150643346,1.1537291552757072,1,229,0,307,28,714
-0.1812880248117747,-0.726870017540103,253,261,0,536,9,600
0.9364623447283393,0.48998827075247997,252,19,0,700,31,476
-0.44917860924700864,-0.9481169790478454,2,19,1,660,7,641
0.36373075041852887,0.8218587130140935,0,19,1,616,9,703
-1.4237460802096702,-0.06312913301687595,133,24,1,988,15,141
0.8279204700002705,-0.726870017540103,250,229,0,1280,9,653
0.16974101686198012,0.7112352322602223,0,229,0,554,28,826
-0.7886606429709689,-0.726870017540103,253,229,1,1272,23,739
-0.8810367065693254,1.4855995975373206,131,25,1,47,15,391
-0.5600298855650365,-0.5056230560323607,0,19,0,1366,28,622
0.9965067860672712,0.3793647899986088,252,229,1,428,2,910
-0.5669580903349133,-1.0587404598017167,254,229,1,983,31,696
1.7054930741846575,-0.17375261377074713,251,19,0,269,9,897
-0.9295341399584627,1.4855995975373206,12,70,1,143,15,369
-0.839467477950065,1.4855995975373206,88,280,0,120,15,411
-1.7308964916742056,-1.7224813443249438,129,79,1,327,15,0
-0.8995119192889968,1.4855995975373206,128,284,1,497,15,383
0.333708529749063,-1.279987421309459,0,229,0,866,23,644
0.1812880248117747,-0.8374934982939742,254,176,1,1169,15,936
1.5369067581176568,0.3793647899986088,251,176,0,635,9,803
-0.6339307364437218,0.6006117515063512,1,163,1,595,28,648
1.2251375434732035,-0.2843760945246183,253,122,0,565,23,796
-1.5992606010465475,-1.0587404598017167,120,308,1,819,15,60
-0.25980767887037776,-0.8374934982939742,252,122,1,1359,15,688
1.3406076229711492,0.9324821937679647,253,163,0,1426,15,645
0.7009033825525303,0.04749434773699524,0,19,1,79,7,995
1.4329836865695058,-1.6118578635710725,0,176,0,949,7,962
-1.3336794182012726,0.04749434773699524,87,257,1,61,37,183
-0.6916657761926945,-1.5012343828172015,250,163,1,1224,23,749
-1.4422212929293414,-0.17375261377074713,233,44,1,147,15,132
0.9918879828873534,-0.5056230560323607,0,19,1,1193,15,973
-0.5069136489959815,0.9324821937679647,2,122,1,139,28,783
0.24826067092058318,-1.5012343828172015,1,261,1,174,2,749
-0.08429315803350033,0.15811782849086642,250,229,0,624,9,169
-1.5230503485779034,-0.9481169790478454,173,246,0,430,15,94
1.6177358137662188,1.4855995975373206,1,19,1,718,28,776
-1.3128948038916424,0.04749434773699524,204,27,0,765,33,193
0.2898298995398436,0.8218587130140935,254,163,1,641,2,629
0.6477871459834752,1.596223078291192,252,163,1,593,15,536
0.08429315803350033,1.1537291552757072,250,122,0,1296,7,435
-0.7748042334312154,1.2643526360295783,2,261,0,198,31,977
-1.1512366925945183,0.6006117515063512,146,291,0,518,15,267
-1.5715477819670405,-1.0587404598017167,85,247,1,873,15,72
0.12355298506280186,-0.5056230560323607,1,163,1,1499,23,637
-1.428364883389588,-0.06312913301687595,120,238,1,21,15,139
-1.0380760146865315,1.2643526360295783,107,26,1,33,15,319
1.5692383803770817,-1.1693639405555878,253,122,0,772,2,900
-0.9780315733475998,1.3749761167834496,20,97,1,169,15,346
1.6500674360256435,-1.3906109020633302,254,19,1,262,28,919
0.839467477950065,-0.5056230560323607,251,163,1,1142,15,642
-0.5785050982847078,-0.726870017540103,252,19,0,1488,2,656
1.449149497699218,-1.6118578635710725,2,163,1,1015,9,729
0.19052563117161037,0.3793647899986088,2,163,0,1475,23,851
-0.8902743129291611,1.4855995975373206,38,231,1,928,15,387
-0.5877427046445435,-1.1693639405555878,2,19,1,1377,31,719
1.4884093247285197,1.3749761167834496,1,122,1,444,2,910
-0.9503187542680929,1.3749761167834496,165,223,0,993,15,359
-0.758638422301503,1.3749761167834496,250,229,1,1199,7,531
-1.3521546309209438,0.04749434773699524,99,136,1,43,21,175
-1.666233247155356,-1.0587404598017167,6,290,1,48,15,30
-0.5392452712554063,-1.1693639405555878,252,261,0,1284,15,957
-1.2851819848121353,0.2687413092447376,163,136,0,278,15,205
1.3336794182012726,0.04749434773699524,1,229,1,1213,7,546
1.4121990722598756,-1.1693639405555878,0,229,0,990,7,953
0.45148801083696755,0.9324821937679647,0,122,1,962,28,461
1.4098896706699167,-1.1693639405555878,253,176,1,791,9,443
-1.3406076229711492,0.04749434773699524,201,55,1,463,6,180
-1.3452264261510671,0.04749434773699524,120,237,1,175,13,178
-0.22516665502099406,1.043105674521836,254,229,1,623,23,778
-1.3313700166113136,0.04749434773699524,120,151,1,368,14,184
-0.5346264680754884,0.15811782849086642,1,176,0,1407,2,981
1.0704076369459563,-0.2843760945246183,2,176,0,678,15,500
1.5022657342682733,-0.2843760945246183,0,229,0,842,23,909
0.37527775836832344,0.48998827075247997,253,19,1,182,31,555
-0.5969803110043791,-0.3949995752784895,250,122,0,910,7,886
0.4699632235566389,0.04749434773699524,0,261,0,559,2,477
-1.5623101756072049,-1.0587404598017167,243,250,0,841,15,76
1.160474298954354,-0.5056230560323607,250,19,1,163,31,868
-0.37527775836832344,-1.279987421309459,1,176,1,1321,15,1049
0.0011547007949794567,0.7112352322602223,250,122,0,1052,23,937
-0.2136196470711995,0.2687413092447376,254,163,0,453,28,687
0.2136196470711995,-1.7224813443249438,252,229,0,964,2,749
-1.1904965196238197,0.48998827075247997,200,174,1,365,15,250
-0.04041452782428098,0.15811782849086642,2,122,0,388,7,919
-1.236684551422998,0.48998827075247997,119,258,1,1008,15,228
-1.3567734341008617,0.04749434773699524,3,198,1,26,26,173
-1.426055481799629,-0.06312913301687595,148,91,1,886,15,140
1.2967289927619299,-0.06312913301687595,2,163,0,1168,2,661
-1.2182093387033268,0.48998827075247997,120,302,1,733,15,237
1.102739259205381,0.3793647899986088,251,19,1,1000,15,830
0.42608459334741955,0.9324821937679647,250,163,1,802,7,899
-1.3036571975318065,0.15811782849086642,175,42,1,32,15,197
-1.6362110264858902,-1.0587404598017167,120,196,1,654,15,44
-0.13279059142263752,0.6006117515063512,252,176,0,1217,9,785
-1.4814811199586428,-0.6162465367862319,173,73,0,735,15,113
-1.6431392312557669,-1.0587404598017167,120,28,1,13,15,41
-0.4191563885775428,-0.726870017540103,253,229,0,1298,28,703
0.5646486887449543,-0.9481169790478454,250,122,1,970,15,688
1.3683204420506563,1.1537291552757072,252,261,1,1399,28,519
1.5969511994565886,-0.8374934982939742,251,176,0,1463,28,831
-0.6154555237240504,-0.5056230560323607,252,261,1,280,9,808
-0.6500965475734342,1.3749761167834496,252,122,0,1200,15,952
0.32447092338922734,-0.06312913301687595,0,122,1,1092,23,622
0.4561068140168854,0.15811782849086642,1,163,1,511,15,897
-1.6754708535151916,-1.1693639405555878,6,108,1,575,15,26
0.599289712594338,-0.5056230560323607,254,122,1,454,2,1044
1.0219102035568193,-0.6162465367862319,253,176,0,1163,23,814
-1.5738571835569994,-1.0587404598017167,26,41,1,1001,15,71
0.31061451384947386,-1.0587404598017167,254,163,1,1134,28,603
1.3960332611301631,-1.5012343828172015,0,163,0,550,28,509
-0.8856555097492433,1.4855995975373206,52,30,1,55,15,389
-0.5646486887449543,1.2643526360295783,253,122,0,1421,2,594
0.2320948597908708,0.15811782849086642,1,229,1,1440,31,616
1.3059665991217655,0.6006117515063512,254,122,0,1143,28,791
-0.8463956827199418,1.4855995975373206,172,235,0,395,15,408
-0.03579572464436316,1.2643526360295783,254,176,0,812,28,471
-0.07505555167366469,0.15811782849086642,252,122,1,722,23,125
1.3521546309209438,-0.3949995752784895,252,261,0,1176,23,1026
-0.6824281698328589,-1.279987421309459,253,19,0,553,2,1000
-1.1212144719250525,0.8218587130140935,120,281,1,17,15,281
-1.5576913724272872,-1.0587404598017167,27,277,0,875,15,78
0.37989656154824125,-0.8374934982939742,1,229,1,759,28,481
-1.1951153228037377,0.48998827075247997,14,39,1,742,15,248
-0.7055221857324481,1.2643526360295783,252,19,0,392,9,911
-0.8186828636404347,1.596223078291192,92,19,1,589,15,420
-0.31985212020930953,0.2687413092447376,252,122,0,715,9,911
-1.3244418118414367,0.04749434773699524,147,251,0,925,8,187
-1.6893272630549452,-1.3906109020633302,185,227,0,404,15,19
1.294419591171971,1.1537291552757072,0,176,0,665,9,1048
1.0888828496656278,-0.726870017540103,252,122,1,181,28,1013
-0.9433905494982161,1.4855995975373206,120,278,1,909,15,363
1.3798674500004509,-0.726870017540103,1,229,1,1081,7,799
0.2990675058996793,1.1537291552757072,252,229,1,1429,31,660
-0.3568025456486521,0.9324821937679647,2,122,0,1486,9,954
-1.590022994686712,-1.0587404598017167,120,136,1,148,15,64
1.1789495116740254,0.15811782849086642,252,122,0,225,15,988
-1.102739259205381,0.9324821937679647,76,111,0,40,15,290
1.0588606289961617,1.4855995975373206,1,261,0,537,9,889
0.2829016947699669,1.043105674521836,254,19,0,319,9,702
0.8556332890797774,0.04749434773699524,253,19,0,512,2,1017
1.5161221438080266,1.1537291552757072,250,122,1,1229,2,360
-1.0888828496656278,1.043105674521836,183,105,0,201,15,296
-1.6477580344356848,-1.0587404598017167,249,106,1,758,15,39
-0.2020726391214049,0.9324821937679647,1,163,1,1403,23,761
1.3891050563602865,-1.0587404598017167,2,122,0,1091,31,487
0.7840418397910511,-1.5012343828172015,254,229,1,1495,28,498
0.5253888617156528,-0.17375261377074713,250,261,0,234,15,475
-0.026558118284527504,1.596223078291192,2,122,0,1198,9,798
-1.2898007879920532,0.2687413092447376,89,123,1,45,15,203
0.3914435694980358,-0.17375261377074713,253,261,0,895,7,498
-0.6778093666529411,-0.726870017540103,250,176,0,637,23,913
-0.17205041845193905,-1.0587404598017167,251,229,0,698,15,1002
0.02424871669456859,0.8218587130140935,254,176,1,1171,31,719
1.3914144579502454,-1.0587404598017167,250,261,0,1121,7,683
-0.04965213418411664,0.7112352322602223,1,229,1,1007,31,964
-0.7794230366111333,1.3749761167834496,251,19,1,1242,31,519
0.17435982004189796,-0.5056230560323607,2,229,0,974,9,800
-0.30830511225951496,0.9324821937679647,252,19,1,973,7,770
-1.4676247104188895,-0.5056230560323607,227,193,0,425,15,120
-0.7678760286613387,-1.1693639405555878,1,19,1,996,7,907
1.5669289787871228,1.3749761167834496,2,176,0,790,31,815
0.5069136489959815,-1.1693639405555878,253,19,1,1057,23,1003
-0.3360179313390219,-1.3906109020633302,251,261,1,1265,31,802
1.5807853883268763,1.1537291552757072,251,261,1,445,23,941
-1.5253597501678624,-0.9481169790478454,179,133,0,375,15,93
0.22747605661095296,0.2687413092447376,250,261,0,1253,7,709
0.9133683288287503,-0.06312913301687595,1,261,1,314,23,793
1.5784759867369174,-1.3906109020633302,1,122,1,528,28,638
0.008082905564856196,0.8218587130140935,0,122,0,1483,2,735
-0.5808144998746667,-1.1693639405555878,0,163,0,1032,7,810
-1.7054930741846575,-1.6118578635710725,43,233,0,298,15,12
-0.8163734620504759,1.596223078291192,13,241,1,330,15,421
-1.0750264401258742,1.1537291552757072,120,66,1,752,15,302
-0.13740939460255536,1.1537291552757072,251,176,0,795,28,1001
1.109667463975258,0.04749434773699524,252,122,1,1273,2,673
1.50919393903815,0.9324821937679647,254,176,1,1420,9,539
-0.13971879619251426,1.4855995975373206,252,229,0,136,15,484
0.2344042613808297,-1.279987421309459,254,176,1,1325,2,940
-1.3637016388707384,0.04749434773699524,152,207,1,53,17,170
0.3360179313390219,-1.3906109020633302,1,163,1,514,28,953
1.0149819987869424,0.04749434773699524,2,229,0,230,28,795
-1.1373802830547648,0.7112352322602223,197,163,1,249,15,273
-0.9572469590379696,1.3749761167834496,48,253,0,27,15,356
1.5184315453979855,-0.2843760945246183,251,163,0,184,7,955
0.6685717602931054,-0.8374934982939742,251,261,1,933,2,683
-0.5415546728453652,-0.726870017540103,252,122,1,1352,31,485
0.6131461221340915,0.2687413092447376,2,163,1,776,9,935
0.0427239294142399,0.6006117515063512,2,19,0,253,15,436
1.3082760007117245,-1.7224813443249438,2,122,0,881,9,823
0.026558118284527504,0.48998827075247997,2,19,0,409,9,581
0.8140640604605169,0.48998827075247997,251,176,0,590,23,701
-0.5276982633056118,0.04749434773699524,250,261,0,1347,31,805
-1.6800896566951096,-1.279987421309459,206,95,0,934,15,24
-0.9087495256488324,1.4855995975373206,130,303,1,517,15,379
1.2043529291635733,-0.6162465367862319,253,122,1,509,2,623
-0.9456999510881751,1.3749761167834496,209,39,0,712,15,362
-0.7355444064019139,1.2643526360295783,1,229,0,1010,28,841
-0.6385495396236396,-1.3906109020633302,2,176,0,325,2,709
-1.2297563466531214,0.48998827075247997,205,267,1,223,15,231
0.37296835677836454,-1.7224813443249438,1,229,0,1067,31,824
1.0496230226363261,0.6006117515063512,254,163,1,1245,15,980
0.6039085157742559,0.04749434773699524,254,122,0,157,7,854
1.6362110264858902,1.1537291552757072,0,229,1,1100,28,733
-1.5161221438080266,-0.8374934982939742,102,164,1,599,15,97
0.5969803110043791,-1.6118578635710725,253,163,1,1174,23,1046
0.7401632095818318,-0.06312913301687595,254,261,0,164,28,757
-0.12355298506280186,-1.1693639405555878,253,261,0,127,15,1024
0.5692674919248721,0.48998827075247997,252,163,1,1054,2,519
-1.377558048410492,0.04749434773699524,149,136,1,683,44,163
1.2690161736824228,1.1537291552757072,1,19,0,417,28,912
1.7262776884942879,-1.7224813443249438,251,261,0,1375,7,510
0.09122136280337707,-0.9481169790478454,250,122,0,1098,15,609
-0.3914435694980358,1.2643526360295783,2,122,1,1358,7,901
-0.10738717393308947,0.2687413092447376,0,229,1,648,2,751
1.1743307084941075,0.48998827075247997,1,229,0,935,31,275
-0.6062179173642148,0.04749434773699524,1,261,0,533,15,481
-0.439941002887173,-0.6162465367862319,251,19,0,261,31,874
0.11893418188288404,-0.726870017540103,252,261,0,1201,23,969
-0.548482877615242,1.043105674521836,0,163,0,486,23,601
-0.2690452852302134,-1.1693639405555878,0,261,1,870,15,837
0.8325392731801883,-1.6118578635710725,251,261,0,1392,7,773
1.666233247155356,0.8218587130140935,0,163,1,1389,7,754
0.09353076439333599,-0.5056230560323607,253,122,1,1031,15,968
-1.4630059072389716,-0.3949995752784895,120,116,1,499,15,122
-0.021939315104609676,-1.279987421309459,254,229,1,1437,7,760
0.7655666270713798,1.3749761167834496,2,163,1,1051,28,738
0.18590682799169253,1.043105674521836,254,176,0,189,2,984
-1.456077702469095,-0.3949995752784895,141,292,0,837,15,126
-0.2159290486611584,0.48998827075247997,1,122,0,827,23,822
-0.26442648205029556,1.596223078291192,251,229,0,1212,28,521
-0.8787273049793666,1.4855995975373206,222,240,1,354,15,393
-1.111976865565217,0.8218587130140935,5,81,0,246,15,285
-0.21823845025111732,-0.726870017540103,253,163,0,1139,31,923
0.42839399493737845,-0.3949995752784895,0,176,1,205,23,848
0.16743161527202122,0.7112352322602223,254,122,1,585,9,867
0.2690452852302134,-1.6118578635710725,2,19,0,1482,23,520
-1.6246640185360957,-1.0587404598017167,120,188,1,42,15,49
1.2482315593727926,-0.2843760945246183,250,261,0,711,28,794
0.5577204839750776,1.4855995975373206,1,163,0,727,28,874
0.2921393011298025,-1.279987421309459,252,163,0,679,23,931
0.05427093736403447,1.4855995975373206,251,261,0,1019,31,469
1.7308964916742056,0.48998827075247997,254,261,0,362,7,621
-1.72165888531437,-1.7224813443249438,120,113,1,353,15,4
0.5854333030545845,1.4855995975373206,252,19,0,1423,2,795
1.2736349768623407,-0.3949995752784895,251,122,0,1320,23,675
-1.1235238735150113,0.8218587130140935,197,181,1,28,15,280
1.3475358277410259,1.2643526360295783,0,163,1,664,28,869
1.5992606010465475,0.3793647899986088,0,122,1,448,9,676
-0.7078315873224069,0.2687413092447376,253,261,1,913,2,591
0.5831239014646257,-0.6162465367862319,2,19,0,1238,31,608
0.7563290207115442,0.15811782849086642,2,163,0,449,9,859
0.2020726391214049,1.2643526360295783,250,176,0,423,7,624
1.3613922372807794,-1.7224813443249438,2,163,0,965,15,949
-1.028838408326696,1.3749761167834496,244,262,1,238,15,323
0.9803409749375588,-1.1693639405555878,253,261,1,1348,28,540
-1.0080537940170657,1.3749761167834496,6,233,1,73,15,332
-1.3867956547703275,0.04749434773699524,9,75,1,210,24,159
-0.4052999790377893,-0.5056230560323607,2,19,1,1291,9,769
-1.6154264121762598,-1.0587404598017167,221,118,1,186,15,53
1.534597356527698,-0.9481169790478454,251,122,0,1406,2,688
-0.05427093736403447,1.2643526360295783,253,19,1,890,2,833
0.19283503276156927,-0.8374934982939742,251,261,1,1262,7,998
0.8440862811299829,-0.17375261377074713,1,176,0,937,7,848
-0.6454777443935162,-1.279987421309459,2,176,1,1137,31,613
0.5115324521758993,0.8218587130140935,0,122,1,160,7,686
-0.22285725343103513,0.7112352322602223,253,122,0,848,23,657
-0.8094452572805991,1.596223078291192,239,83,0,51,15,425
-0.5507922792052008,-1.6118578635710725,251,176,0,1334,31,535
-0.9918879828873534,1.3749761167834496,120,275,1,783,15,340
-1.6870178614649862,-1.279987421309459,237,148,1,242,15,21
-0.15126580414230884,0.2687413092447376,253,176,1,1202,7,496
-1.6500674360256435,-1.0587404598017167,155,165,1,522,15,38
0.3521837424687343,-1.7224813443249438,1,229,1,193,9,578
0.1789786232218158,-0.2843760945246183,2,229,0,1292,28,521
1.372939245230574,0.48998827075247997,253,163,0,1231,23,784
-0.7909700445609278,-1.0587404598017167,1,176,1,666,31,438
0.39375297108799473,-1.6118578635710725,251,163,0,450,15,885
-0.4907478378662691,0.9324821937679647,2,122,0,1360,28,571
0.019629913514650765,-0.17375261377074713,2,229,1,787,31,646
0.7216879968621605,1.2643526360295783,254,176,1,1317,15,647
-1.1650931021342719,0.48998827075247997,172,266,0,821,15,261
0.8717991002094898,-0.2843760945246183,254,163,0,1362,2,612
0.07967435485358251,0.9324821937679647,1,122,1,502,7,827
-0.6015991141842969,0.6006117515063512,254,163,1,1438,23,510
-1.375248646820533,0.04749434773699524,241,103,1,944,5,164
0.4884384362763102,1.3749761167834496,250,229,0,626,9,1036
0.23902306456074754,1.4855995975373206,2,122,0,846,28,745
-0.2875204979498847,-0.06312913301687595,253,122,0,1269,9,467
-0.1489564025523499,-0.6162465367862319,252,163,1,857,15,954
-0.4168469869875839,0.3793647899986088,0,261,0,838,9,670
1.5623101756072049,-0.9481169790478454,0,122,1,1408,28,553
-1.6916366646449041,-1.3906109020633302,216,39,0,603,15,18
-1.4376024897494235,-0.17375261377074713,94,120,1,59,15,134
0.4099187822177071,1.2643526360295783,0,122,1,460,2,526
0.5323170664855296,1.596223078291192,251,163,1,1490,9,473
1.6616144439754381,0.7112352322602223,250,261,1,1183,2,626
-1.292110189582012,0.2687413092447376,181,159,1,254,15,202
0.8995119192889968,-1.3906109020633302,0,229,1,263,9,645
0.5600298855650365,0.7112352322602223,253,176,1,455,23,654
1.6477580344356848,-0.8374934982939742,250,176,0,1099,2,677
1.158164897364395,0.04749434773699524,253,176,0,1125,31,619
-0.33139912815910405,0.8218587130140935,1,176,1,1153,2,876
-1.315204205481601,0.04749434773699524,83,279,0,299,27,192
-1.0357666130965726,1.2643526360295783,246,287,1,39,15,320
-0.5854333030545845,-1.6118578635710725,252,261,0,1129,28,1047
1.3036571975318065,-1.7224813443249438,1,163,0,440,7,927
1.1674025037242308,-1.0587404598017167,252,176,0,707,28,697
1.1258332751049702,-0.5056230560323607,2,19,0,1106,2,905
-0.5369358696654474,-1.6118578635710725,0,19,1,845,15,612
0.7378538079918728,1.043105674521836,252,163,1,288,15,723
-0.6316213348537628,0.7112352322602223,252,176,0,1028,28,532
-1.3683204420506563,0.04749434773699524,119,137,1,987,11,167
1.028838408326696,-0.726870017540103,254,163,1,1397,28,861
-1.6939460662348629,-1.3906109020633302,120,216,1,90,15,17
0.7447820127617496,0.3793647899986088,254,163,0,1285,7,158
-0.4699632235566389,-0.9481169790478454,0,19,0,1336,2,645
-0.21131024548124058,-1.5012343828172015,1,122,0,1062,28,1012
1.1004298576154223,-0.5056230560323607,251,19,1,1218,7,563
0.6223837284939272,-1.3906109020633302,251,229,1,302,31,855
1.3128948038916424,-1.0587404598017167,2,229,0,1013,23,583
0.48381963309639237,-0.6162465367862319,250,122,0,1430,2,695
1.5230503485779034,1.2643526360295783,252,19,0,1078,15,505
-1.0773358417158332,1.1537291552757072,26,239,1,894,15,301
0.10969657552304839,-0.5056230560323607,2,19,1,1395,7,886
-1.2112811339334502,0.48998827075247997,247,10,1,914,15,240
-1.6708520503352737,-1.0587404598017167,158,115,1,534,15,28
-0.7216879968621605,-0.5056230560323607,0,19,0,1244,2,561
1.6339016248959313,-1.7224813443249438,0,176,0,1113,28,661
-1.2020435275736143,0.48998827075247997,221,190,1,730,15,245
-1.6454486328457258,-1.0587404598017167,99,138,1,980,15,40
-0.0011547007949794567,0.7112352322602223,250,163,0,1380,23,954
0.6824281698328589,-0.3949995752784895,251,229,0,706,28,881
-0.6477871459834752,-0.06312913301687595,251,229,0,1124,2,593
1.2205187402932858,-0.9481169790478454,0,176,0,1141,28,657
1.668542648745315,-0.2843760945246183,254,261,1,548,2,1043
-0.1443375993724321,-1.279987421309459,253,19,1,99,23,514
1.451458899289177,1.596223078291192,250,176,0,1314,2,623
-0.25518887569045995,1.596223078291192,254,261,1,1205,15,736
1.5392161597076157,-1.6118578635710725,250,261,0,1160,31,786
1.0819546448957509,0.6006117515063512,1,122,0,1185,2,555
0.9433905494982161,1.1537291552757072,250,261,0,811,31,802
1.1558554957744362,-0.726870017540103,252,163,0,1072,31,438
1.592332396276671,-1.7224813443249438,2,176,1,721,2,488
0.11662478029292513,0.7112352322602223,254,261,1,89,9,1023
-1.3613922372807794,0.04749434773699524,221,182,1,410,19,171
0.4768914283265156,-0.5056230560323607,253,261,1,1478,15,926
1.0080537940170657,0.48998827075247997,251,19,0,1251,23,610
0.1651222136820623,-1.279987421309459,254,229,0,109,23,565
1.2020435275736143,0.04749434773699524,1,163,0,898,15,850
0.2944487027197615,-0.2843760945246183,0,122,0,142,31,932
0.37758715995828235,0.9324821937679647,2,261,0,239,7,491
-1.3798674500004509,0.04749434773699524,4,141,1,748,32,162
1.4399118913393825,0.48998827075247997,2,229,1,785,15,728
-0.5554110823851187,-1.3906109020633302,252,163,1,1207,15,307
0.8902743129291611,0.2687413092447376,2,163,1,1439,31,758
1.319823008661519,0.6006117515063512,250,229,1,1252,31,651
-1.4930281279084374,-0.726870017540103,206,261,0,941,15,108
-0.37758715995828235,0.7112352322602223,253,122,0,1267,2,501
1.3359888197912313,-0.5056230560323607,0,163,0,285,31,960
0.9087495256488324,-1.279987421309459,254,19,1,1455,9,644
-1.6084982074063832,-1.0587404598017167,120,255,1,714,15,56
-1.3821768515904096,0.04749434773699524,224,11,1,806,34,161
-0.8002076509207635,-0.6162465367862319,254,19,0,725,9,661
1.6269734201260544,-0.2843760945246183,250,261,0,581,28,603
-1.2528503625527105,0.48998827075247997,121,24,1,283,15,220
1.5415255612975747,0.2687413092447376,250,19,0,1383,15,1015
0.8602520922596952,0.9324821937679647,1,261,0,738,28,542
-1.7124212789545343,-1.6118578635710725,120,243,1,1005,15,8
0.6108367205441326,-1.3906109020633302,253,176,1,209,23,726
1.370629843640615,0.15811782849086642,0,19,1,1002,28,846
0.7170691936822426,0.15811782849086642,251,163,1,371,23,1035
-0.6870469730127767,-0.9481169790478454,250,261,1,642,9,424
-1.1466178894146004,0.7112352322602223,120,288,1,38,15,269
0.3383273329289808,1.4855995975373206,254,229,1,135,7,710
1.2898007879920532,-0.3949995752784895,251,163,0,1248,23,857
0.3013769074896382,-0.8374934982939742,250,261,1,1489,9,618
1.5646195771971638,-0.17375261377074713,251,163,1,443,28,859
-0.2921393011298025,-1.0587404598017167,252,176,0,825,31,531
-0.9341529431383805,1.4855995975373206,215,266,1,768,15,367
1.238993953012957,-0.3949995752784895,1,19,0,1303,31,878
-1.1258332751049702,0.7112352322602223,206,234,0,134,15,279
-1.3844862531803686,0.04749434773699524,120,93,1,580,29,160
-0.6408589412135984,0.8218587130140935,254,176,1,1306,31,921
-0.252879474100501,-1.0587404598017167,0,19,0,500,9,448
1.6962554678248218,-1.1693639405555878,1,163,0,1474,28,952
1.5253597501678624,-1.7224813443249438,252,122,1,924,23,872
-0.4607256171968032,-0.17375261377074713,253,176,1,1215,31,852
0.412228183807666,-1.0587404598017167,1,19,0,462,7,471
-0.6039085157742559,0.04749434773699524,250,19,1,1058,2,883
1.400652064310081,-0.726870017540103,253,261,0,1454,31,1042
0.973412770167682,0.15811782849086642,250,261,0,1037,2,527
-1.3937238595402042,0.04749434773699524,125,136,1,24,16,155
-0.8025170525107224,-0.3949995752784895,252,122,0,685,7,977
0.4722726251465978,-1.0587404598017167,252,163,0,880,23,1007
1.5138127422180678,0.48998827075247997,2,163,1,1094,7,680
-0.20900084389128165,-0.6162465367862319,2,229,1,1390,7,742
-0.6616435555232287,0.9324821937679647,250,261,0,1400,7,467
-1.3013477959418478,0.15811782849086642,14,232,1,381,15,198
0.9179871320086681,1.043105674521836,251,176,1,1101,28,557
1.0958110544355044,0.7112352322602223,253,163,1,1189,28,659
-0.32678032497918624,0.48998827075247997,1,229,0,900,23,927
-1.400652064310081,-0.06312913301687595,177,73,0,792,15,152
0.00346410238493837,-0.06312913301687595,2,163,0,1061,2,1032
0.5346264680754884,0.15811782849086642,250,229,0,681,28,685
-1.2759443784522997,0.3793647899986088,232,147,1,414,15,209
0.30830511225951496,-0.8374934982939742,251,261,0,1498,23,460
-1.0865734480756688,1.043105674521836,48,161,0,747,15,297
-1.054241825816244,1.1537291552757072,248,163,0,171,15,312
1.4191272770297523,-1.6118578635710725,2,229,1,1132,2,694
-0.8071358556906403,0.3793647899986088,1,163,0,481,28,547
-1.449149497699218,-0.2843760945246183,46,27,1,495,15,129
1.0565512274062028,-0.726870017540103,252,122,1,1433,2,562
-1.2643973705025051,0.48998827075247997,153,98,1,483,15,215
0.1974538359414871,0.04749434773699524,254,261,1,418,23,466
-1.162783700544313,0.48998827075247997,239,252,0,809,15,262
1.5530725692473693,-1.0587404598017167,2,122,0,422,7,136
1.5207409469879445,0.2687413092447376,1,122,1,506,28,1025
0.9318435415484215,1.4855995975373206,252,229,1,828,2,470
-0.8440862811299829,1.4855995975373206,91,104,0,932,15,409
1.322132410251478,0.6006117515063512,252,229,0,734,31,834
0.24133246615070644,-0.06312913301687595,1,19,1,400,28,989
-1.2251375434732035,0.48998827075247997,149,163,1,820,15,234
-0.2505700725105421,0.2687413092447376,253,176,1,1211,9,831
-1.7285870900842466,-1.7224813443249438,103,24,1,833,15,1
-1.4722435135988072,-0.5056230560323607,144,128,0,289,15,118
-0.11893418188288404,-1.3906109020633302,0,261,0,1263,2,1043
1.5738571835569994,0.8218587130140935,253,163,1,867,31,928
0.465344420376721,1.4855995975373206,250,163,1,658,9,993
1.3105854023016834,1.1537291552757072,254,176,1,891,7,691
1.2505409609627516,-1.1693639405555878,254,163,0,274,23,555
1.3937238595402042,-1.0587404598017167,252,163,0,104,15,529
-0.7124503905023248,-0.8374934982939742,252,163,0,1109,28,643
0.89258371451912,0.8218587130140935,254,19,1,101,23,716
1.1697119053141896,-1.279987421309459,1,261,0,966,28,958
-0.199763237531446,-1.1693639405555878,254,176,0,1384,2,522
1.4376024897494235,1.043105674521836,2,261,1,1110,15,865
1.1720213069041485,-0.6162465367862319,254,163,0,906,28,908
1.3429170245611082,0.8218587130140935,252,19,0,1372,15,637
-0.99881618765723,1.3749761167834496,212,244,1,901,15,336
-0.2344042613808297,0.48998827075247997,252,19,0,1041,15,519
-0.09353076439333599,-0.9481169790478454,0,163,1,1287,2,721
1.2297563466531214,-0.06312913301687595,250,19,1,560,15,607
0.5138418537658582,-0.9481169790478454,251,229,1,882,31,783
-0.2829016947699669,-1.1693639405555878,252,19,0,1266,15,696
-0.27135468682017233,-0.2843760945246183,2,261,1,614,2,962
1.2851819848121353,0.6006117515063512,251,176,1,1230,28,688
1.1512366925945183,0.04749434773699524,0,19,0,82,23,31
1.6431392312557669,1.596223078291192,0,163,1,1496,15,652
1.1650931021342719,1.3749761167834496,253,261,0,1011,28,447
1.4630059072389716,0.8218587130140935,250,261,0,412,7,730
0.10507777234313057,-0.726870017540103,1,229,1,1288,9,971
-0.24133246615070644,1.3749761167834496,252,176,1,1157,2,526
0.6062179173642148,0.04749434773699524,253,19,1,1042,15,620
-0.44686920765704974,-0.06312913301687595,252,229,1,839,23,458
-0.15819400891218557,-0.3949995752784895,0,19,0,1492,28,812
-0.39837177426791254,-0.3949995752784895,253,261,0,687,7,889
0.8302298715902293,1.3749761167834496,252,163,0,1299,9,672
1.1928059212137787,-0.5056230560323607,0,229,1,496,23,554
1.0011255892471889,1.596223078291192,254,261,0,355,7,552
-0.520770058535735,-0.17375261377074713,251,229,0,1367,2,693
0.7147597920922837,-0.5056230560323607,250,176,0,1462,23,689
-0.48381963309639237,-0.726870017540103,0,122,0,317,23,984
1.026529006736737,-0.9481169790478454,1,163,0,810,23,617
-0.00346410238493837,-1.0587404598017167,2,176,1,803,9,1026
1.4699341120088483,-0.6162465367862319,0,176,0,778,2,482
-0.6131461221340915,-0.17375261377074713,252,261,0,592,15,732
-1.5115033406281089,-0.8374934982939742,72,221,0,469,15,99
0.624693130083886,1.1537291552757072,254,229,1,1398,28,442
-0.43070339652733736,0.2687413092447376,253,163,1,1345,15,768
1.188187118033861,1.596223078291192,0,19,1,459,7,736
-0.01732051192469185,1.1537291552757072,251,261,1,829,15,879
0.26211708046033666,-0.3949995752784895,253,122,1,743,31,874
0.32678032497918624,0.15811782849086642,254,19,0,1261,31,708
0.6662623587031465,-1.279987421309459,251,176,0,957,23,877
-1.2551597641426695,0.48998827075247997,71,228,1,72,15,219
-0.8256110684103115,1.596223078291192,221,192,1,358,15,417
0.10276837075317165,-1.1693639405555878,254,176,0,508,23,763
0.27828289159004904,-0.17375261377074713,0,19,1,1140,28,492
-0.8140640604605169,1.596223078291192,82,168,0,930,15,422
0.03810512623432207,0.15811782849086642,2,229,1,1043,2,888
1.4468400961092593,1.4855995975373206,250,19,0,1458,23,550
1.1350708814648058,1.2643526360295783,253,122,0,284,7,938
0.6431683428035574,-1.5012343828172015,253,163,0,1388,9,880
-0.24826067092058318,0.9324821937679647,252,176,1,1048,7,807
-0.3175427186193506,-0.6162465367862319,252,163,0,902,2,839
0.48612903468635127,1.1537291552757072,250,261,0,300,23,611
-0.05658033895399338,-1.7224813443249438,254,19,0,1045,31,779
-0.15357520573226774,1.1537291552757072,251,163,0,156,7,556
-1.504575135858232,-0.726870017540103,104,267,0,858,15,102
0.12586238665276078,-0.2843760945246183,0,122,0,1307,7,858
-0.7932794461508867,1.3749761167834496,252,261,1,774,23,622
-0.5715768935148311,1.4855995975373206,253,122,0,1300,23,585
0.7424726111717906,-1.3906109020633302,1,19,1,814,2,731
0.7078315873224069,-1.7224813443249438,253,122,1,1255,2,457
0.414537585397625,1.043105674521836,1,163,1,97,31,190
0.06812734690378794,-1.5012343828172015,2,229,1,1290,23,147
-1.2690161736824228,0.3793647899986088,63,136,0,69,15,213
-1.4214366786197112,-0.06312913301687595,107,286,1,195,15,142
0.6962845793726123,1.2643526360295783,251,122,0,1445,9,871
-1.638520428075849,-1.0587404598017167,197,245,1,291,15,43
0.6177649253140093,-0.3949995752784895,252,229,0,1302,15,990
-1.1997341259836556,0.48998827075247997,120,43,1,2,15,246
-0.8579426906697363,1.4855995975373206,180,14,0,773,15,402
-1.0657888337660386,1.1537291552757072,120,226,1,558,15,306
-0.7655666270713798,0.15811782849086642,254,19,1,639,23,1001
-0.8279204700002705,1.4855995975373206,49,158,0,6,15,416
-0.36373075041852887,-1.5012343828172015,252,261,1,138,23,1005
0.9526281558580518,0.9324821937679647,250,122,0,692,31,480
0.7771136350211744,0.8218587130140935,253,163,0,1056,7,954
-0.23671366297078864,-1.0587404598017167,2,261,1,609,23,1013
0.9295341399584627,0.9324821937679647,253,229,1,276,15,625
1.426055481799629,1.4855995975373206,253,176,1,952,28,644
-0.5300076648955706,0.6006117515063512,1,229,0,255,15,487
-1.583094789916835,-1.0587404598017167,120,134,1,800,15,67
-1.6985648694147808,-1.5012343828172015,168,59,0,402,15,15
0.9941973844773122,-0.06312913301687595,253,176,0,1295,7,948
0.7263068000420783,-0.5056230560323607,0,229,0,1412,9,1042
-0.5946709094144202,0.7112352322602223,0,229,0,850,7,1033
-0.8556332890797774,1.4855995975373206,208,158,0,411,15,404
-1.2990383943518888,0.15811782849086642,48,163,0,939,15,199
0.03117692146444533,-1.0587404598017167,252,122,1,1243,23,1002
-1.2320657482430803,0.48998827075247997,59,202,1,529,15,230
0.09584016598329491,1.4855995975373206,2,261,1,88,15,983
0.7540196191215852,-0.726870017540103,253,163,1,1374,7,873
0.2967581043097204,0.6006117515063512,252,176,0,562,2,490
-0.9526281558580518,1.3749761167834496,173,186,0,232,15,358
-0.07043674849374686,0.04749434773699524,250,261,1,268,9,474
-1.0496230226363261,1.1537291552757072,23,203,0,256,15,314
0.6154555237240504,-1.7224813443249438,253,122,0,874,9,837
1.213590535523409,1.1537291552757072,250,229,0,1401,28,1049
-0.6801187682429,-0.17375261377074713,252,122,1,1344,7,570
1.723968286904329,0.6006117515063512,250,163,1,1434,28,495
0.15126580414230884,1.596223078291192,0,176,1,1281,28,937
-1.109667463975258,0.9324821937679647,7,222,1,491,15,287
0.5669580903349133,0.04749434773699524,252,229,0,1076,28,790
-1.266706772092464,0.48998827075247997,120,208,1,360,15,214
-1.3590828356908204,0.04749434773699524,115,24,1,81,0,172
-0.04734273259415772,-1.6118578635710725,0,229,0,155,23,996
-0.8048264541006813,0.04749434773699524,253,19,0,206,2,534
-0.10969657552304839,0.8218587130140935,252,261,1,1357,28,669
0.8764179033894076,0.7112352322602223,250,163,0,1477,15,995
-0.42608459334741955,-0.6162465367862319,253,19,0,122,7,755
1.532287954937739,0.7112352322602223,254,163,0,1093,28,449
0.627002531673845,0.6006117515063512,0,122,0,1301,31,959
0.6362401380336806,-0.5056230560323607,2,163,0,1418,31,857
1.5276691517578211,-0.2843760945246183,1,176,0,461,23,1015
0.8186828636404347,-0.3949995752784895,252,122,0,984,2,491
-1.2574691657326282,0.48998827075247997,220,90,1,613,15,218
-1.6523768376156025,-1.0587404598017167,108,7,1,301,15,37
0.05888974054395229,-1.3906109020633302,252,261,1,627,2,1004
-0.5577204839750776,0.3793647899986088,2,229,0,1095,2,489
1.6754708535151916,-1.279987421309459,252,261,0,240,23,1000
1.479171718368684,0.8218587130140935,251,229,1,1278,31,1018
-1.5207409469879445,-0.9481169790478454,54,254,0,923,15,95
1.4168178754397933,-0.6162465367862319,2,176,0,1337,15,1027
0.3406367345189397,1.1537291552757072,0,229,1,1441,9,489
-0.42839399493737845,1.3749761167834496,250,163,0,755,28,709
1.4306742849795469,-0.06312913301687595,0,229,0,576,7,744
0.06119914213391121,-0.3949995752784895,252,176,0,1154,7,918
-1.1743307084941075,0.48998827075247997,10,308,0,37,15,257
-1.7008742710047398,-1.5012343828172015,40,9,1,657,15,14
-1.0034349908371478,1.3749761167834496,154,260,1,3,15,334
-0.34525553769885753,-1.3906109020633302,253,229,1,903,28,1027
-0.8371580763601061,1.4855995975373206,117,94,0,183,15,412
1.2643973705025051,1.043105674521836,254,19,0,767,9,429
-1.3475358277410259,0.04749434773699524,32,4,1,131,18,177
0.20900084389128165,0.15811782849086642,252,122,1,1214,28,632
-1.6847084598750273,-1.279987421309459,195,39,1,938,15,22
-0.23902306456074754,-1.7224813443249438,1,163,1,862,31,535
0.9341529431383805,0.2687413092447376,250,229,0,865,23,719
0.18821622958165143,-0.9481169790478454,251,176,1,690,28,756
1.1951153228037377,-0.5056230560323607,0,163,1,1465,2,453
-0.43301279811729626,-0.8374934982939742,0,176,0,96,7,584
1.640829829665808,-0.5056230560323607,250,261,0,1432,7,528
-0.146647000962391,-0.726870017540103,250,176,0,625,15,670
0.4792008299164745,1.596223078291192,254,261,0,372,9,586
-1.294419591171971,0.2687413092447376,79,72,1,739,15,201
0.520770058535735,0.3793647899986088,251,163,0,1085,31,639
-0.11662478029292513,-0.5056230560323607,2,261,0,1115,9,507
-0.5531016807951598,-1.279987421309459,2,122,0,1034,31,450
0.7678760286613387,-1.1693639405555878,251,176,0,1012,7,724
-0.6362401380336806,-0.2843760945246183,253,163,0,668,9,954
0.24595126933062428,0.9324821937679647,254,229,0,1188,2,922
-0.005773503974897284,0.04749434773699524,253,122,0,344,23,863
-1.1489272910045594,0.6006117515063512,106,163,0,432,15,268
-1.6823990582850683,-1.279987421309459,8,229,0,393,15,23
1.3567734341008617,-0.17375261377074713,0,261,1,77,31,467
-0.6708811618830643,-1.5012343828172015,1,163,0,1413,28,1012
1.0034349908371478,-0.9481169790478454,254,163,1,1166,15,1007
-1.0935016528455455,1.043105674521836,119,282,1,485,15,294
0.4745820267365567,1.1537291552757072,252,176,0,888,9,787
1.0750264401258742,-0.9481169790478454,252,122,1,578,9,1042
-0.8417768795400239,1.4855995975373206,235,92,0,760,15,410
0.1281717882427197,1.3749761167834496,253,19,0,379,23,841
1.587713593096753,1.3749761167834496,252,229,0,83,15,509
-0.9387717463182983,1.4855995975373206,90,280,1,133,15,365
0.04503333100419881,0.15811782849086642,1,229,0,111,28,777
1.3452264261510671,0.9324821937679647,2,122,1,216,31,884
-1.4306742849795469,-0.06312913301687595,221,205,1,192,15,138
0.280592293180008,1.3749761167834496,253,122,1,431,15,994
0.8625614938496542,1.2643526360295783,2,163,0,415,7,431
1.4930281279084374,-1.5012343828172015,2,261,0,235,31,499
-1.52997855334778,-0.9481169790478454,54,52,0,680,15,91
1.6916366646449041,-0.6162465367862319,0,176,1,1331,15,371
-0.9687939669877642,1.3749761167834496,101,57,1,948,15,351
1.1281426766949292,1.596223078291192,0,261,1,1309,15,801
-0.654715350753352,-1.7224813443249438,252,261,1,95,7,524
-1.451458899289177,-0.2843760945246183,236,295,1,605,15,128
0.6801187682429,-0.8374934982939742,254,229,0,942,2,513
0.7978982493308046,1.3749761167834496,253,176,1,540,7,779
0.8787273049793666,-0.726870017540103,1,19,1,552,2,632
1.2574691657326282,-0.726870017540103,252,176,0,1149,2,930
0.25518887569045995,-1.7224813443249438,253,229,1,633,28,725
1.638520428075849,0.8218587130140935,250,19,0,420,28,1034
0.8694896986195308,-0.06312913301687595,0,163,0,296,9,1019
