helper_Id,dept_Id,FName,LName,Gender,contact_No
-0.05455960725837097,-0.9973802088469973,168,16,1,1375
-1.3154927527851665,0.35438876632399535,196,0,0,499
-0.312635209845586,-0.4341431358590837,146,25,0,512
-0.5326056899031452,-0.6594379650542491,20,26,1,1509
-1.0037235684516181,1.706157741494988,132,51,1,175
0.14809036255843547,0.8049784247143262,4,8,1,127
1.7294529475391558,-1.6732646964324938,11,22,1,1425
-1.098986374775758,-1.2226750380421627,78,27,0,978
0.03897114804169355,0.46703618092157806,166,48,0,364
0.41655827129010214,-0.5467905504566665,13,43,1,853
-0.7127389964069731,0.8049784247143262,60,11,0,568
-0.4563954448438333,-1.5606172818349109,65,29,1,262
1.318956854833317,1.706157741494988,105,49,1,359
-0.10132498490840322,-1.4479698672373282,20,27,1,857
-1.6082093758538871,0.016446522531247166,30,30,0,17
0.705810792310672,-1.2226750380421627,11,2,0,973
-1.2825837833277365,1.1429206685070743,162,18,1,1
-1.6428503963353924,0.5796835955191608,45,42,0,763
-1.3882388957963279,0.46703618092157806,67,33,0,1606
1.3657222324833493,0.5796835955191608,151,53,0,935
-0.6053518329143064,0.35438876632399535,190,10,0,1354
-1.1561440585702418,1.706157741494988,14,34,1,118
0.6226723431550591,-0.20884830666391827,2,53,1,1933
-0.7040787412865968,-1.11002762344458,30,21,0,884
0.6780979759254677,0.24174135172641262,151,22,0,1755
1.3865068447722526,-1.5606172818349109,2,22,0,1668
0.544730047071672,-1.2226750380421627,22,53,0,1764
0.19312368918439246,0.35438876632399535,13,2,0,1896
0.011258331656489247,-1.2226750380421627,116,52,1,1477
0.5655146593605752,1.5935103268974053,11,43,1,1986
-0.9933312623071666,0.5796835955191608,55,30,1,685
0.9673504969460376,-0.7720853796518319,22,41,0,1767
0.5083569755660914,-0.09620089206633556,151,22,1,212
-0.7092748943588225,-1.2226750380421627,61,32,1,854
1.6584388555520697,-0.6594379650542491,58,49,1,781
1.6913478250095,1.3682154977022398,13,2,1,531
0.2294967606899731,0.35438876632399535,2,43,1,1086
-0.025114739849091395,-0.9973802088469973,68,15,1,38
-1.0418286909812742,-0.321495721261501,9,7,0,411
0.8859440988145,1.5935103268974053,2,2,0,1135
-0.976010752066414,1.1429206685070743,107,12,1,87
-1.3986312019407794,-1.2226750380421627,63,14,0,894
0.7543082209847796,0.5796835955191608,11,49,0,1790
-0.6677056697810161,0.917625839311909,101,34,1,393
0.8547671803811451,-0.321495721261501,58,22,0,1103
-0.7335236086958763,-1.3353224526397456,168,15,1,78
-0.023382688825016127,0.46703618092157806,59,38,1,10
0.7491120679125537,-1.4479698672373282,105,22,0,1774
-0.5083569755660914,-0.5467905504566665,125,28,0,1220
0.44773518972345694,-1.11002762344458,105,49,0,1752
-1.4869658041686182,1.5935103268974053,77,37,1,1461
0.6192082411069085,0.12909393712882988,13,2,1,1935
-1.7277208965150805,-0.321495721261501,51,31,1,248
0.38364930183267204,-0.9973802088469973,22,43,1,1277
1.5060183654334462,-0.4341431358590837,13,53,1,581
1.0782017624868547,-1.11002762344458,58,2,1,1932
-1.144019701401715,0.5796835955191608,40,18,1,375
1.3328132630259193,-0.5467905504566665,58,22,1,644
0.9292453744163817,-1.5606172818349109,2,53,0,962
-0.8946043539348763,-0.4341431358590837,128,29,0,353
-1.272191477183285,-0.4341431358590837,51,27,1,124
-1.07993381351093,0.46703618092157806,184,25,0,141
-0.44773518972345694,1.0302732539094916,152,9,0,1516
0.023382688825016127,0.8049784247143262,59,9,1,270
-0.9708145989941881,0.5796835955191608,13,33,1,1355
-1.2617991710388332,0.12909393712882988,104,9,1,1342
-1.4124876101333816,0.5796835955191608,114,45,0,170
-0.10478908695655376,-1.11002762344458,47,36,1,1110
-1.3085645486888655,-0.6594379650542491,98,13,1,1108
-0.11864549514915591,-0.09620089206633556,152,23,0,746
-0.9604222928497365,-1.6732646964324938,29,9,1,1157
-0.6988825882143709,-0.9973802088469973,164,21,0,1235
-0.3160993118937365,0.6923310101167435,41,56,1,155
0.4719839040605107,-1.5606172818349109,58,22,1,761
1.1717325177869193,1.3682154977022398,13,41,0,1096
-0.8894082008626505,1.3682154977022398,2,48,1,1078
-0.5533903021920483,1.2555680831046572,20,30,1,277
-1.0123838235719946,0.5796835955191608,96,15,1,410
-1.2583350689906827,-1.5606172818349109,4,32,1,198
0.8166620578514892,-1.2226750380421627,2,2,0,1943
1.4367363244704354,1.1429206685070743,22,22,0,1547
0.7872171904422096,1.2555680831046572,151,22,0,1387
-1.298172242544414,1.1429206685070743,102,7,0,115
-1.0158479256201451,0.24174135172641262,133,10,1,1511
0.6677056697810161,-1.5606172818349109,13,2,1,1132
0.5326056899031452,0.12909393712882988,11,43,0,1898
-0.49276851634941393,-0.7720853796518319,37,1,0,731
-1.1942491810998979,-1.5606172818349109,131,45,0,1176
-0.12730575026953225,0.35438876632399535,54,31,0,352
-1.0712735583905537,-0.321495721261501,18,20,0,288
0.9794748541145645,-1.2226750380421627,13,22,0,1849
-0.9950633133312419,-0.9973802088469973,124,22,0,1436
1.5146786205538225,-1.6732646964324938,13,43,1,1915
-0.8097338537551881,-1.4479698672373282,72,42,1,59
-0.42868262845862903,-0.321495721261501,155,8,1,409
-0.4061659651456505,0.12909393712882988,148,54,1,653
0.6174761900828333,1.0302732539094916,105,43,0,1404
-1.0245081807405214,-0.6594379650542491,161,14,1,1587
1.0643453542942527,0.35438876632399535,2,49,0,271
-0.5291415878549945,1.1429206685070743,35,37,1,1605
1.279119681279586,-1.4479698672373282,11,41,0,1545
-0.7820210373699839,1.4808629122998225,37,5,0,757
-0.10998524002877956,0.12909393712882988,109,37,1,762
0.6746338738773172,-0.8847327942494146,11,22,0,468
1.0522209971257257,-0.09620089206633556,11,2,0,1692
1.627261937118715,1.1429206685070743,11,53,1,1759
0.8339825680922419,-1.5606172818349109,151,2,0,1856
-1.4159517121815322,-0.20884830666391827,92,17,0,187
1.6289939881427902,0.6923310101167435,58,43,0,1775
0.27799418936408066,0.8049784247143262,151,41,0,1905
-1.4367363244704354,1.5935103268974053,33,3,1,575
-1.2254260995332527,0.8049784247143262,143,52,0,829
-0.7595043740570053,0.917625839311909,178,52,1,1239
0.7906812924903601,-0.321495721261501,22,41,1,1123
1.518142722601973,-1.2226750380421627,11,43,0,1937
1.1284312421850375,-0.20884830666391827,22,2,0,447
-0.26067367912332795,0.6923310101167435,47,6,1,246
-1.260067120014758,1.0302732539094916,58,13,1,550
0.9517620377293602,1.0302732539094916,105,2,1,460
0.05975576033059677,1.706157741494988,60,14,0,176
1.2877799363999622,0.12909393712882988,105,49,1,1726
-1.0885940686313065,0.24174135172641262,165,50,1,805
1.1596081606183923,0.8049784247143262,2,41,1,1620
-0.48237621020496235,-0.321495721261501,11,7,1,1435
-0.46159159791605914,1.5935103268974053,27,22,1,133
-0.3853813528567473,0.917625839311909,51,33,1,509
-0.8339825680922419,-0.4341431358590837,179,7,1,1056
-1.1526799565220913,-1.3353224526397456,85,54,0,997
-0.267601883219629,-0.9973802088469973,0,51,1,1380
0.4356108325549301,-1.2226750380421627,11,2,0,1695
0.09093267876395161,-0.09620089206633556,111,32,0,1451
1.5995491207335106,-1.11002762344458,58,2,0,1586
-1.705204233202102,1.3682154977022398,142,26,0,321
-0.5066249245420161,-1.3353224526397456,72,8,1,1134
-0.17233907689548925,-0.5467905504566665,187,35,1,691
1.6965439780817257,0.46703618092157806,13,43,0,1301
0.9915992112830914,1.706157741494988,105,22,0,1834
-0.16714292382326343,1.706157741494988,46,11,1,801
-0.9257812723682312,1.0302732539094916,81,36,0,204
1.6930798760335752,-0.20884830666391827,58,22,0,1249
-1.3865068447722526,1.4808629122998225,17,52,1,865
0.357668536471543,0.46703618092157806,22,41,0,1930
0.09612883183617742,-0.5467905504566665,193,22,0,1359
0.22776470966589785,-1.4479698672373282,151,53,0,1488
0.6573133636365645,-0.5467905504566665,13,22,0,1927
-0.002598076536112903,-1.4479698672373282,160,3,0,330
-0.4719839040605107,-0.9973802088469973,166,36,0,1462
1.3362773650740698,-1.5606172818349109,151,43,0,910
1.5753004063964569,1.3682154977022398,11,49,1,624
1.4228799162778332,0.46703618092157806,11,22,0,1966
-0.7491120679125537,-0.4341431358590837,182,45,1,918
-1.6567068045279945,1.4808629122998225,6,26,1,84
-1.2566030179666074,0.917625839311909,85,4,0,1225
0.16714292382326343,1.0302732539094916,79,36,0,366
-1.556247845131629,1.3682154977022398,55,9,1,49
0.4009698120734247,-1.5606172818349109,13,41,0,1482
1.2496748138703064,-0.6594379650542491,22,22,1,1409
1.4419324775426612,0.24174135172641262,2,22,1,1789
-1.5458555389871773,-1.11002762344458,56,29,1,58
1.0695415073664785,-0.9973802088469973,58,2,0,1639
-0.8703556395978226,0.5796835955191608,190,17,0,122
1.698276029105801,0.12909393712882988,11,22,1,719
-0.20524804635291935,-1.3353224526397456,195,23,1,294
-0.42175442436232796,0.12909393712882988,193,4,0,77
-0.6590454146606397,-0.321495721261501,20,40,1,577
0.1844634340640161,-0.321495721261501,13,22,0,1612
1.620333733022414,1.2555680831046572,105,41,0,1057
-0.32995572008633867,1.4808629122998225,68,3,1,365
0.06495191340282258,1.2555680831046572,189,11,1,310
-1.6064773248298116,-0.20884830666391827,181,56,0,152
0.4910364653253387,0.5796835955191608,2,43,1,1916
0.47025185303643546,-0.9973802088469973,151,49,0,1786
0.5793710675531774,-1.6732646964324938,11,41,1,1984
0.7941453945385107,1.5935103268974053,13,41,1,656
-0.8980684559830269,-0.8847327942494146,68,44,1,1146
0.11864549514915591,0.35438876632399535,143,52,0,641
-0.8547671803811451,-0.09620089206633556,171,45,0,40
0.4113621182178763,1.3682154977022398,13,53,0,1874
1.492161957240844,0.5796835955191608,2,49,1,598
1.7138644883224785,0.6923310101167435,22,41,0,1128
0.8253223129718655,-1.3353224526397456,2,2,1,571
1.5008222123612203,0.8049784247143262,105,2,1,1613
0.7889492414662849,1.4808629122998225,105,41,1,1679
-1.1925171300758226,-0.5467905504566665,65,55,1,95
-0.06495191340282258,-1.5606172818349109,67,31,0,500
-1.0297043338127472,-1.6732646964324938,156,6,0,90
0.5724428634568763,1.2555680831046572,151,41,1,1939
1.124967140136887,-1.2226750380421627,13,22,0,235
-1.1959812321239731,-1.2226750380421627,8,48,0,2
-1.3397414671222203,0.12909393712882988,35,51,1,693
1.485233753144543,-1.4479698672373282,105,2,1,1800
-0.5014287714697903,-1.11002762344458,49,36,1,438
1.634190141215016,-1.5606172818349109,2,2,0,1702
0.6642415677328656,-0.5467905504566665,13,2,1,1787
1.3605260794111236,1.706157741494988,22,41,1,1407
-1.4748414470000912,0.35438876632399535,42,21,0,1529
0.9604222928497365,1.706157741494988,58,22,0,1913
1.6567068045279945,0.917625839311909,13,41,0,477
-0.1290378012936075,-0.9973802088469973,82,50,1,1449
-0.09959293388432795,0.8049784247143262,71,24,1,487
-0.2831903424363064,1.706157741494988,190,44,0,740
-0.7352556597199515,0.24174135172641262,75,56,0,223
-0.7664325781533065,0.5796835955191608,50,28,1,1198
0.40789801616972576,-1.5606172818349109,2,49,0,1792
0.6244043941791344,-0.8847327942494146,58,2,0,842
0.6018877308661559,-1.6732646964324938,13,22,1,367
0.2797262403881559,1.3682154977022398,2,53,0,954
0.7664325781533065,-0.5467905504566665,105,53,0,1697
-1.2358184056777042,1.3682154977022398,17,47,1,56
1.0470248440535,-0.4341431358590837,13,41,0,1940
0.09959293388432795,1.3682154977022398,135,42,0,1293
-0.6954184861662204,-1.4479698672373282,16,8,1,1152
-0.11691344412508065,-1.2226750380421627,180,56,0,732
0.7993415476107365,1.706157741494988,151,2,0,711
1.1041825278479838,1.2555680831046572,151,43,0,709
1.0175799766442204,-1.6732646964324938,58,2,0,1928
0.07014806647504838,-1.2226750380421627,165,18,1,590
0.39923776104934944,0.12909393712882988,151,49,1,659
-0.3351518731585645,1.5935103268974053,101,55,1,1190
-0.16541087279918817,0.917625839311909,12,54,1,426
1.176928670859145,1.706157741494988,13,43,1,1743
0.35420443442339244,0.6923310101167435,105,22,0,1983
-0.4027018630975,0.12909393712882988,51,52,1,1274
-0.6763659249013925,-0.5467905504566665,155,23,1,111
1.7190606413947043,1.4808629122998225,151,2,1,1709
0.9777428030904892,1.5935103268974053,22,49,1,1016
0.731791557671801,1.4808629122998225,11,22,1,1244
0.018186535752790323,-1.6732646964324938,73,8,1,33
-0.8772838436941236,-1.6732646964324938,60,27,0,46
0.5551223532161236,-1.3353224526397456,105,41,0,232
-1.2514068648943817,-1.5606172818349109,167,14,0,335
1.466181191879715,-0.6594379650542491,105,2,1,738
-1.1111107319442848,-1.5606172818349109,19,5,0,1222
0.1913916381603172,-1.6732646964324938,151,43,1,1864
-1.3224209568814678,-1.2226750380421627,5,54,0,1302
-0.776824884297758,1.2555680831046572,16,47,1,371
1.5025542633852955,-0.5467905504566665,105,49,0,1636
1.4072914570611559,-0.7720853796518319,58,41,1,1715
-1.370918385555575,-1.5606172818349109,104,17,1,1467
0.6694377208050913,1.0302732539094916,58,49,0,1918
0.9708145989941881,0.917625839311909,105,2,1,1914
-1.6307260391668654,-1.3353224526397456,53,5,0,1598
-0.6382608023717365,-0.9973802088469973,90,37,0,593
1.665367059648371,1.4808629122998225,11,43,0,1766
1.4886978551926935,-1.11002762344458,2,43,1,705
1.414219661157457,-0.321495721261501,22,49,1,1653
-1.1024504768239085,1.3682154977022398,80,19,0,190
-0.8564992314052204,1.3682154977022398,84,27,1,1431
0.286654444484457,0.35438876632399535,151,49,1,1675
0.21044419942514514,0.46703618092157806,105,22,0,1832
1.0903261196553817,-1.5606172818349109,2,41,0,645
0.37498904671229566,1.5935103268974053,2,43,0,1922
0.2624057301474032,0.5796835955191608,11,49,0,328
0.21564035249737096,0.6923310101167435,13,53,0,713
1.0297043338127472,0.917625839311909,22,43,0,1909
-1.5268029777223493,-0.5467905504566665,92,33,0,126
0.43214673050677954,0.6923310101167435,11,53,1,1030
1.7207926924187795,0.917625839311909,13,22,1,1768
-0.8270543639959408,-0.4341431358590837,14,52,1,479
-0.8426428232126182,1.1429206685070743,141,0,1,1045
-1.5908888656131344,1.3682154977022398,128,15,0,344
-0.1463583115343602,-1.3353224526397456,169,3,1,650
0.03204294394539247,0.8049784247143262,32,9,1,1338
-1.073005609414629,-0.7720853796518319,99,9,0,75
0.05109550521022043,-0.09620089206633556,60,9,0,269
1.1925171300758226,-1.4479698672373282,151,53,1,1946
-1.5856927125409086,-0.8847327942494146,60,13,0,810
1.1734645688109946,1.1429206685070743,13,53,1,230
-1.1613402116424676,0.46703618092157806,52,22,1,672
-1.7207926924187795,-0.09620089206633556,19,8,0,669
-0.44080698562715587,-0.321495721261501,39,8,1,26
0.9586902418256612,1.0302732539094916,151,43,1,1137
-0.14809036255843547,1.706157741494988,118,8,0,1178
-0.2191044545455215,0.46703618092157806,96,47,1,628
-0.9500299867052849,-0.8847327942494146,176,35,1,758
-0.8824799967663495,0.016446522531247166,6,55,1,289
0.8322505170681667,0.24174135172641262,11,43,1,356
-1.234086354653629,1.1429206685070743,123,10,1,1553
-0.08920062773987635,1.2555680831046572,23,20,1,1236
1.7069362842261773,-0.5467905504566665,105,41,0,442
0.6382608023717365,0.6923310101167435,11,2,1,1757
0.2537454750270269,1.0302732539094916,151,53,1,1839
-0.5100890265901666,-0.6594379650542491,148,56,1,1289
1.2583350689906827,0.6923310101167435,13,49,0,358
1.215033793388801,1.4808629122998225,22,43,1,1763
1.0885940686313065,-1.6732646964324938,11,43,1,639
1.0383645889331237,0.8049784247143262,105,2,0,1543
0.9327094764645322,-0.5467905504566665,58,2,0,956
0.7023466902625215,0.35438876632399535,2,43,0,377
1.1266991911609623,-0.4341431358590837,105,53,1,1704
-1.1648043136906183,-1.4479698672373282,92,48,0,1251
-0.9656184459219623,0.016446522531247166,129,27,0,1206
-0.3905775059289731,-1.4479698672373282,11,16,1,1568
0.151554464606586,-1.11002762344458,16,24,1,1159
0.38191725080859673,1.5935103268974053,11,2,0,265
1.1007184257998333,-0.9973802088469973,151,41,0,852
-1.4246119673019084,1.0302732539094916,135,48,0,1470
0.5585864552642742,-0.321495721261501,22,43,0,1897
-0.5118210776142419,0.35438876632399535,133,52,1,1033
-1.582228610492758,-1.3353224526397456,23,43,1,743
1.5302670797705,-1.2226750380421627,105,22,1,697
1.6411183453113172,-1.5606172818349109,151,2,0,841
-0.9396376805608333,0.6923310101167435,166,52,0,180
1.4350042734463602,0.12909393712882988,11,53,1,1217
-1.6376542432631667,-0.6594379650542491,196,47,0,1376
0.8686235885737472,-0.9973802088469973,13,49,1,1990
-0.6174761900828333,-1.6732646964324938,172,19,1,1254
-0.5585864552642742,-0.8847327942494146,27,50,1,1076
-1.3484017222425968,-0.4341431358590837,7,56,0,21
-1.5354632328427258,1.0302732539094916,160,22,0,149
-0.030310892921317202,0.12909393712882988,197,22,1,441
0.39577365900119893,-0.20884830666391827,11,41,0,1138
-0.0008660255120376344,-1.3353224526397456,57,9,1,489
-1.4298081203741344,-1.6732646964324938,77,45,1,1002
-0.3784531487604462,-0.7720853796518319,121,42,1,1171
-0.7110069453828978,-1.2226750380421627,12,34,1,1564
0.9690825479701128,-0.6594379650542491,22,22,0,914
-1.7000080801298763,-0.9973802088469973,116,12,1,154
-0.9985274153793924,1.706157741494988,3,16,1,906
0.5949595267698549,1.3682154977022398,11,49,0,1660
-1.2375504567017794,-1.2226750380421627,9,37,0,1558
1.0106517725479194,-0.8847327942494146,22,22,0,1037
-0.9898671602590161,0.6923310101167435,121,31,1,1158
0.8824799967663495,0.12909393712882988,11,43,1,1968
0.5516582511679731,0.24174135172641262,2,41,1,445
-0.5724428634568763,0.24174135172641262,30,5,0,533
-1.6774914168168977,-0.8847327942494146,136,48,0,1182
-0.10305703593247849,-1.5606172818349109,18,38,0,1339
-0.4806441591808871,0.917625839311909,197,20,1,1200
-0.009526280632413979,-1.4479698672373282,93,8,1,822
-1.3605260794111236,1.706157741494988,117,44,0,83
-0.3230275159900376,-0.09620089206633556,113,43,1,1105
-1.1665363647146936,1.4808629122998225,20,36,1,395
-0.7612364250810806,0.8049784247143262,145,40,0,1445
0.19485574020846774,0.5796835955191608,151,43,1,1683
-0.518749281710543,0.016446522531247166,36,36,0,136
1.0019915174275429,1.1429206685070743,2,43,0,1120
0.3282236690622634,1.4808629122998225,22,49,1,1861
-1.1405555993535645,1.1429206685070743,8,16,0,642
-0.641724904419887,0.8049784247143262,121,23,1,901
-1.4765734980241665,0.46703618092157806,27,8,1,963
0.5360697919512957,0.8049784247143262,22,2,1,543
-1.1076466298961343,0.12909393712882988,129,46,0,1195
-1.5874247635649839,-0.321495721261501,57,15,1,1089
-1.6480465494076182,-1.6732646964324938,187,10,1,1229
-0.9205851192960053,0.917625839311909,77,11,1,800
-1.4627170898315645,1.2555680831046572,71,16,1,1166
-0.3940416079771236,1.2555680831046572,13,27,1,1023
0.41482622026602683,-0.321495721261501,2,49,0,1981
0.3472762303270914,0.46703618092157806,22,53,1,1958
0.6971505371902956,1.5935103268974053,11,49,0,1100
0.35074033237524194,-0.20884830666391827,151,43,1,1129
1.092058170679457,-0.7720853796518319,58,49,0,1813
-0.8651594865255967,0.35438876632399535,92,30,0,1585
1.324153007905543,-1.6732646964324938,22,41,1,494
-1.421147865253758,-0.20884830666391827,136,37,0,189
0.08227242364357526,0.12909393712882988,149,14,0,933
1.3085645486888655,0.917625839311909,11,53,0,1064
-0.0857365256917258,-1.4479698672373282,132,5,1,941
0.5481941491198226,-0.8847327942494146,58,2,1,1722
1.073005609414629,-0.5467905504566665,13,53,0,483
-0.8166620578514892,-1.11002762344458,193,8,0,677
-1.131895344233188,-0.6594379650542491,85,3,0,490
0.6711697718291666,0.5796835955191608,11,2,1,1844
1.6636350086242957,0.8049784247143262,105,41,0,1881
0.08746857671580108,-0.8847327942494146,189,9,1,1478
1.6844196209131987,0.8049784247143262,2,41,0,1027
0.7647005271292311,1.706157741494988,58,53,0,1765
-0.6902223330939946,-0.20884830666391827,33,50,1,943
0.48757236327718817,1.4808629122998225,11,22,1,1879
-1.3102965997129408,-0.5467905504566665,95,1,1,201
0.582835169601328,-0.9973802088469973,58,2,0,1886
0.11691344412508065,1.3682154977022398,171,34,0,1272
0.8235902619477903,0.46703618092157806,58,41,0,1552
-1.1907850790517474,0.5796835955191608,146,21,0,830
-0.9777428030904892,0.46703618092157806,178,44,1,1413
1.556247845131629,-0.6594379650542491,22,22,0,437
0.5689787614087258,-1.4479698672373282,58,49,0,1115
-1.1977132831480484,-1.6732646964324938,174,48,0,108
-0.9864030582108655,1.706157741494988,101,9,1,726
-0.5880313226735537,0.6923310101167435,21,21,0,959
-1.0903261196553817,-0.7720853796518319,98,35,1,572
-0.750844118936629,1.4808629122998225,169,1,1,1528
-0.035507045993543006,0.016446522531247166,154,42,1,926
-1.4176837632056074,-1.4479698672373282,29,29,1,1270
0.6278684962272849,0.46703618092157806,11,53,1,1637
-0.6555813126124892,1.706157741494988,102,56,0,12
-0.31436726086966127,-1.3353224526397456,3,9,1,775
0.33341982213448923,1.5935103268974053,58,22,1,338
-0.08227242364357526,-0.321495721261501,170,51,1,678
0.7300595066477258,-1.4479698672373282,11,43,1,723
1.4557888857352634,0.24174135172641262,22,43,0,588
-0.13423395436583332,-0.321495721261501,141,13,1,1442
0.12730575026953225,-1.2226750380421627,173,5,1,473
-1.2184978954369516,-1.5606172818349109,28,33,1,513
-0.0580237093065215,-1.3353224526397456,102,9,0,1065
-0.9327094764645322,0.917625839311909,138,7,1,794
0.5239454347827688,-0.6594379650542491,22,49,1,879
0.30570700574928494,0.8049784247143262,11,41,1,1756
-1.0782017624868547,1.5935103268974053,11,13,1,45
-0.3490082813511666,-0.09620089206633556,42,42,0,1075
0.17753522996771504,-0.7720853796518319,105,41,0,323
-1.5493196410353278,-0.6594379650542491,2,42,1,1452
-1.5129465695297473,1.0302732539094916,78,39,0,1320
1.72425679446693,-0.4341431358590837,13,2,0,1816
-0.2797262403881559,1.706157741494988,171,46,0,613
-1.1163068850165108,1.4808629122998225,23,50,1,1411
1.0678094563424032,-0.9973802088469973,13,49,0,406
-0.5499262001438978,-0.8847327942494146,55,14,1,1039
-0.3247595670141129,-0.09620089206633556,131,38,0,1426
1.1786607218832204,-1.3353224526397456,13,2,1,1022
-1.3691863345314998,0.016446522531247166,182,13,1,109
0.8530351293570698,0.917625839311909,22,22,1,1740
-1.4886978551926935,1.706157741494988,26,26,0,541
1.6878837229613495,-1.5606172818349109,13,22,0,1058
0.5880313226735537,1.5935103268974053,2,22,1,1731
1.3813106917000268,0.46703618092157806,105,43,0,1491
0.9950633133312419,-1.4479698672373282,58,41,0,1725
0.31436726086966127,1.0302732539094916,2,53,0,1657
0.6815620779736182,1.2555680831046572,11,53,0,373
1.4124876101333816,-0.09620089206633556,22,2,1,1051
-0.499696720445715,-0.09620089206633556,22,22,1,1588
1.3743824876037258,0.016446522531247166,22,49,1,1059
-0.1861954850880914,1.3682154977022398,71,40,1,1164
-0.24335316888257524,0.24174135172641262,59,42,1,372
-1.7138644883224785,-0.09620089206633556,198,4,0,791
1.2029094362202741,0.35438876632399535,105,2,1,1750
0.7404518127921774,-0.4341431358590837,11,43,0,1252
-1.2427466097740054,-0.9973802088469973,196,16,0,282
-0.3282236690622634,-0.09620089206633556,54,0,0,1203
0.5914954247217042,-1.3353224526397456,13,43,1,1610
-1.227158150557328,-0.7720853796518319,0,55,1,1472
-0.42521852641047847,1.1429206685070743,16,1,1,595
-0.6469210574921128,-0.9973802088469973,80,24,0,1025
-0.09786088286025268,-0.4341431358590837,162,47,1,96
-0.2398890668344247,0.35438876632399535,131,50,0,582
-1.5077504164575215,0.8049784247143262,50,17,1,1349
0.3039749547252097,0.917625839311909,105,41,1,1665
-1.1717325177869193,-1.3353224526397456,85,50,0,1594
0.15675061767881182,-0.321495721261501,134,13,1,86
-0.27106598526777953,-1.5606172818349109,157,23,0,401
-0.06321986237874731,1.1429206685070743,71,29,1,1219
1.4973581103130698,1.706157741494988,58,22,0,259
-0.23296086273812364,-1.2226750380421627,111,31,0,1418
-0.1359660053899086,0.35438876632399535,27,21,1,156
-0.5274095368309193,1.3682154977022398,43,39,0,123
-1.3587940283870483,-0.9973802088469973,193,19,0,1148
1.3518658242907473,0.016446522531247166,105,53,1,482
0.45293134279568276,0.8049784247143262,105,53,1,807
-1.4575209367593387,0.016446522531247166,81,36,0,1029
0.10132498490840322,-0.6594379650542491,34,42,0,1038
-0.01991858677686559,-1.2226750380421627,50,11,1,417
-0.2745300873159301,1.4808629122998225,66,39,1,195
-0.6330646492995107,-1.6732646964324938,174,40,0,811
-0.8374466701403924,-0.4341431358590837,119,42,1,1382
0.7421838638162527,0.35438876632399535,11,2,1,474
1.2947081404962635,-0.9973802088469973,11,22,0,1099
-0.6971505371902956,-0.09620089206633556,169,25,1,342
-1.3934350488685536,-1.2226750380421627,61,27,1,1541
1.357061977362973,-0.321495721261501,105,41,0,1658
-0.22603265864182256,0.016446522531247166,13,22,1,506
-1.021044078692371,1.2555680831046572,14,24,1,925
-1.5649081002520053,0.8049784247143262,38,55,0,1429
0.0008660255120376344,1.5935103268974053,23,17,1,1321
0.8755517926700483,0.46703618092157806,151,53,0,1357
-1.4609850388074892,0.917625839311909,1,25,1,425
-1.0054556194756934,-1.2226750380421627,72,13,1,600
1.3899709468204031,-0.20884830666391827,13,43,1,1831
-0.9049966600793279,-1.2226750380421627,132,0,1,1211
1.4817696510963925,0.8049784247143262,11,53,0,1091
-0.5741749144809516,0.917625839311909,127,23,0,728
0.7231313025514247,-1.11002762344458,105,2,0,448
1.5094824674815968,-0.7720853796518319,2,41,1,1746
0.518749281710543,0.016446522531247166,2,2,0,1390
-0.956958190801586,0.6923310101167435,29,9,1,430
-0.7733607822496075,-0.321495721261501,174,56,0,62
-1.4228799162778332,-1.2226750380421627,21,20,0,1539
-1.0556850991738762,0.8049784247143262,23,26,1,1034
-0.7300595066477258,0.917625839311909,16,50,1,228
0.8270543639959408,-1.4479698672373282,105,43,0,290
1.2236940485091774,1.3682154977022398,2,22,1,891
0.49796466942163975,-0.9973802088469973,151,53,1,492
1.1163068850165108,1.0302732539094916,11,22,1,1050
0.040703199065768816,-0.6594379650542491,19,20,0,850
-0.31090315882151076,1.2555680831046572,183,6,0,585
1.4280760693500592,-0.6594379650542491,151,41,1,1603
-0.026846790873166666,-0.09620089206633556,144,29,0,1549
0.5862992716494785,-0.5467905504566665,151,22,1,1739
-0.5811031185772526,0.46703618092157806,29,51,1,1250
-1.485233753144543,1.1429206685070743,48,54,0,165
0.8946043539348763,1.5935103268974053,151,43,0,1000
0.7439159148403279,-1.3353224526397456,105,43,0,1962
-0.23469291376219892,1.3682154977022398,156,50,1,1362
-1.0019915174275429,-1.6732646964324938,196,47,0,862
-0.6296005472513602,-0.09620089206633556,54,32,0,1019
0.7040787412865968,0.12909393712882988,151,43,0,1713
-0.3472762303270914,0.5796835955191608,43,25,0,71
0.6988825882143709,1.3682154977022398,22,41,0,836
-0.6659736187569408,-0.20884830666391827,36,47,0,1094
-1.2219619974851021,-1.2226750380421627,71,17,1,863
-0.13250190334175807,-1.3353224526397456,165,23,1,1008
0.46505569996420965,-1.11002762344458,13,53,0,714
1.56317604922793,0.917625839311909,151,2,1,1306
-1.5787645084446074,-0.5467905504566665,22,44,1,1433
-1.660170906576145,0.12909393712882988,147,56,1,1163
1.3882388957963279,1.0302732539094916,13,22,1,1860
1.6168696309742634,-0.5467905504566665,2,53,1,1850
-1.504286314409371,-0.8847327942494146,109,25,1,820
0.002598076536112903,-0.6594379650542491,69,36,1,782
0.27279803629185484,0.8049784247143262,11,53,1,217
0.1636788217751129,-0.321495721261501,132,3,1,297
1.4800376000723172,-1.2226750380421627,105,41,1,320
0.5966915777939301,0.5796835955191608,58,43,1,816
0.8634274355015215,1.1429206685070743,13,2,1,1508
-1.447128630614887,-1.4479698672373282,113,13,1,449
-0.47718005713273653,-1.6732646964324938,101,32,1,103
-1.2288902015814032,-0.5467905504566665,59,8,1,1256
0.3611326385196935,-0.5467905504566665,22,41,1,1269
1.0193120276682957,-0.4341431358590837,151,49,0,1907
1.5527837430834783,-0.5467905504566665,105,53,1,615
1.1111107319442848,1.2555680831046572,22,41,1,1118
0.6261364452032097,-1.2226750380421627,105,49,1,1352
-0.38364930183267204,0.35438876632399535,133,46,1,1014
-0.27799418936408066,1.1429206685070743,59,4,1,627
-1.1284312421850375,1.4808629122998225,62,1,0,119
1.6359221922390914,0.917625839311909,13,22,0,1710
-0.7421838638162527,-0.20884830666391827,136,10,0,132
-0.14289420948620968,-1.2226750380421627,18,50,0,681
-0.040703199065768816,1.706157741494988,45,38,0,1504
1.582228610492758,-1.4479698672373282,11,2,0,301
0.8114659047792634,1.2555680831046572,2,2,1,717
1.0245081807405214,0.5796835955191608,151,2,1,1826
0.5499262001438978,0.016446522531247166,22,22,0,703
1.4627170898315645,-0.09620089206633556,13,41,0,759
-1.4956260592889945,0.6923310101167435,130,52,0,360
-0.937905629536758,0.917625839311909,187,36,1,171
-1.0816658645350052,1.706157741494988,121,9,1,114
0.5932274757457795,0.5796835955191608,105,2,0,844
-1.1544120075461666,1.2555680831046572,47,43,1,1515
0.27626213834000535,-0.20884830666391827,13,2,1,1901
1.3172248038092418,-0.5467905504566665,105,41,0,1870
0.7924133435144355,-1.2226750380421627,151,2,0,867
-0.31783136291781183,-0.09620089206633556,76,31,1,527
0.19831984225661828,0.35438876632399535,58,41,1,1625
0.009526280632413979,0.8049784247143262,62,36,0,614
1.4835017021204677,0.917625839311909,13,43,0,253
1.653242702479844,-1.3353224526397456,13,41,1,1841
1.473109395976016,-1.6732646964324938,151,2,0,721
-0.15501856665473654,-0.09620089206633556,119,14,1,343
1.6099414268779624,-0.7720853796518319,58,22,0,1727
0.21737240352144624,-0.20884830666391827,58,22,0,1122
-1.1630722626665428,0.016446522531247166,41,32,1,76
0.42868262845862903,1.1429206685070743,58,2,1,1185
-1.1803927729072956,-1.3353224526397456,173,24,1,424
1.1942491810998979,0.917625839311909,11,53,0,1960
0.6209402921309838,-1.4479698672373282,11,43,0,1829
1.2687273751351344,0.5796835955191608,22,22,1,1858
-1.4419324775426612,-0.7720853796518319,153,31,1,751
-1.7104003862743278,-0.20884830666391827,47,50,1,463
1.6047452738057364,0.12909393712882988,22,53,1,308
-1.4350042734463602,-1.6732646964324938,182,0,1,1216
-0.6070838839383816,-0.321495721261501,101,4,1,488
0.10652113798062902,-1.11002762344458,81,0,0,1460
-1.2808517323036612,-0.5467905504566665,3,29,1,1143
0.634796700323586,0.016446522531247166,151,43,0,209
0.9500299867052849,1.706157741494988,58,22,1,1995
-0.17060702587141396,-0.321495721261501,6,9,1,1473
-0.5672467103846505,0.35438876632399535,132,33,1,416
-1.2843158343518117,-1.6732646964324938,14,1,1,1213
-0.2693339342437043,-1.2226750380421627,14,38,1,1005
-0.2294967606899731,-0.4341431358590837,72,23,1,220
1.3847747937481774,0.5796835955191608,13,49,0,261
-1.492161957240844,0.35438876632399535,168,21,1,787
-0.1844634340640161,1.3682154977022398,118,33,0,947
1.4505927326630375,1.2555680831046572,2,49,1,501
-0.7802889863459086,1.2555680831046572,47,1,1,536
-1.1786607218832204,-0.7720853796518319,123,8,1,826
0.911924864175629,-1.4479698672373282,151,2,1,845
1.3951670998926289,1.1429206685070743,22,43,1,1903
0.3074390567733602,0.5796835955191608,151,49,1,1865
-0.7647005271292311,-0.7720853796518319,158,32,1,1583
-1.4904299062167687,-0.321495721261501,59,43,1,552
1.272191477183285,-1.11002762344458,22,22,0,1671
-0.8114659047792634,1.5935103268974053,195,56,1,779
-1.3432055691703708,-0.8847327942494146,174,36,0,1316
-0.4789121081568118,0.917625839311909,191,29,1,1281
-0.3697928936400699,-0.09620089206633556,54,39,0,319
1.2427466097740054,-0.9973802088469973,13,22,0,1737
0.012990382680564516,0.8049784247143262,23,33,1,524
-1.0227761297164462,-1.5606172818349109,193,47,0,565
-1.1682684157387688,0.917625839311909,152,44,0,1102
1.3258850589296183,1.2555680831046572,11,22,0,1996
-1.2133017423647257,1.1429206685070743,67,14,0,1187
0.45466339381975807,-0.4341431358590837,11,2,1,1745
1.6376542432631667,0.917625839311909,58,43,1,1724
-1.6878837229613495,0.8049784247143262,4,28,1,331
1.4869658041686182,-0.09620089206633556,11,43,0,999
-0.49450056737348924,-0.321495721261501,39,56,1,72
0.016454484728715052,-0.9973802088469973,29,42,1,1131
-1.3968991509167041,0.12909393712882988,167,44,0,875
-0.9690825479701128,1.1429206685070743,33,56,1,1581
-0.7387197617681022,1.0302732539094916,186,9,1,1012
-0.09266472978802688,1.5935103268974053,92,38,0,938
-0.0043301275601881715,-0.9973802088469973,24,45,1,969
-0.859963333453371,0.35438876632399535,8,8,0,896
-0.6832941289976935,-1.3353224526397456,77,48,1,421
1.24101455874993,-1.11002762344458,2,53,1,1621
0.2831903424363064,0.016446522531247166,13,43,0,1862
1.3622581304351988,0.35438876632399535,22,2,1,1567
-0.26586983219555377,1.3682154977022398,190,24,0,1322
-1.7259888454910053,-0.20884830666391827,52,56,1,60
0.4962326183975645,-0.6594379650542491,151,43,0,804
0.3853813528567473,-0.09620089206633556,2,43,0,1808
-0.9223171703200806,-0.20884830666391827,160,26,0,584
-1.1751966198350698,-1.5606172818349109,197,9,1,1514
-1.7225247434428548,-0.09620089206633556,114,16,0,952
-1.3466696712185215,-0.8847327942494146,82,12,1,439
0.6486531085161882,1.4808629122998225,11,41,1,869
-0.7837530883940591,-0.4341431358590837,126,48,1,564
-1.3362773650740698,0.5796835955191608,188,21,0,486
-1.6636350086242957,-1.5606172818349109,93,56,1,802
-0.7924133435144355,0.35438876632399535,54,46,0,185
-1.312028650737016,1.3682154977022398,87,9,0,475
-0.17580317894363978,1.0302732539094916,36,45,0,32
0.23122881171404838,-0.20884830666391827,151,41,1,851
0.776824884297758,-1.6732646964324938,22,49,0,1802
1.504286314409371,1.4808629122998225,58,2,0,1629
-0.27279803629185484,0.8049784247143262,92,35,0,562
0.7248633535754999,0.917625839311909,13,53,1,389
1.131895344233188,0.6923310101167435,151,49,1,1945
1.679223467840973,1.4808629122998225,11,49,1,1952
-0.5862992716494785,1.706157741494988,103,9,0,630
0.3645967405678441,0.917625839311909,105,2,1,967
-1.1873209770035966,-1.11002762344458,184,12,0,1507
-0.5343377409272204,-1.5606172818349109,40,39,1,493
0.8720876906218978,0.917625839311909,151,53,0,828
-0.9967953643553171,1.3682154977022398,188,42,0,1028
-0.7023466902625215,-0.321495721261501,131,29,0,295
1.6688311616965215,0.46703618092157806,13,49,0,981
-0.6538492615884139,-0.6594379650542491,171,35,0,521
0.2953146996048333,0.12909393712882988,11,41,1,191
0.07534421954727419,1.1429206685070743,58,50,1,199
-1.338009416098145,-0.321495721261501,71,33,1,516
0.20351599532884407,0.12909393712882988,58,22,1,1009
0.5741749144809516,-0.321495721261501,58,53,1,1971
0.5464620980957473,-1.11002762344458,2,53,0,808
-1.6168696309742634,-0.9973802088469973,16,39,1,1242
-1.6896157739854247,-1.3353224526397456,182,50,1,1247
-1.4817696510963925,0.016446522531247166,15,21,1,505
-0.802805649658887,0.6923310101167435,134,54,1,861
-0.32649161803818816,0.35438876632399535,130,42,0,1117
0.8080018027311129,0.12909393712882988,2,49,1,1597
-1.5839606615168333,0.35438876632399535,32,11,1,70
1.144019701401715,-1.3353224526397456,105,2,0,1781
1.118038936040586,0.35438876632399535,13,41,0,1904
1.3934350488685536,0.35438876632399535,2,2,1,1712
1.4159517121815322,-1.3353224526397456,22,41,0,1253
0.9985274153793924,0.46703618092157806,22,2,1,1760
0.2502813729788763,1.4808629122998225,11,41,1,1867
-1.1041825278479838,-1.2226750380421627,116,25,1,456
1.059149201222027,1.706157741494988,2,53,0,833
1.499090161337145,-0.09620089206633556,22,43,0,1224
0.04589935213799462,1.2555680831046572,165,3,1,880
0.0528275562342957,1.0302732539094916,67,29,0,385
0.525677485806844,0.8049784247143262,11,53,1,1991
0.615744139058758,0.8049784247143262,2,53,1,1044
1.2652632730869837,1.0302732539094916,151,49,0,1035
-0.5793710675531774,1.0302732539094916,14,1,1,391
-1.1007184257998333,-0.09620089206633556,152,22,0,1082
-1.5978170697094354,-0.7720853796518319,99,0,0,188
-1.6844196209131987,-0.5467905504566665,160,21,0,1542
0.7560402720088548,0.12909393712882988,58,53,1,707
-0.821858210923715,-1.6732646964324938,173,35,1,783
1.4453965795908117,-0.5467905504566665,13,41,1,514
-1.6359221922390914,0.016446522531247166,180,37,0,178
-0.6261364452032097,0.8049784247143262,122,51,1,902
-1.2081055892925,-1.4479698672373282,69,35,1,1207
-0.48757236327718817,0.5796835955191608,110,56,0,1502
-0.6503851595402634,1.2555680831046572,47,52,1,1087
-1.7190606413947043,-0.7720853796518319,15,34,1,206
-0.3403480262307903,1.706157741494988,43,13,0,24
0.0857365256917258,-1.4479698672373282,38,5,0,1179
-1.1492158544739408,-1.11002762344458,161,17,1,789
-1.6497786004316934,0.35438876632399535,15,21,1,1437
1.3224209568814678,-0.6594379650542491,13,49,1,1500
-1.5475875900112526,1.1429206685070743,102,55,0,1139
-1.1266991911609623,0.5796835955191608,126,23,1,799
0.13769805641398386,-1.5606172818349109,59,9,1,1032
-1.318956854833317,-0.20884830666391827,81,7,0,899
-1.3622581304351988,0.35438876632399535,76,36,1,37
1.3432055691703708,1.2555680831046572,58,43,1,700
0.2398890668344247,-1.11002762344458,2,2,0,1989
-0.357668536471543,-0.8847327942494146,189,21,1,733
1.0158479256201451,0.35438876632399535,11,49,0,1493
1.0089197215238441,0.12909393712882988,11,43,1,213
1.1630722626665428,0.016446522531247166,105,43,1,1873
-0.8253223129718655,-0.4341431358590837,2,54,1,673
-1.3293491609777688,-0.7720853796518319,168,27,1,607
-0.615744139058758,1.1429206685070743,31,17,0,484
0.8790158947181989,1.2555680831046572,22,49,1,1223
-0.8080018027311129,1.0302732539094916,32,43,1,361
1.6307260391668654,-1.11002762344458,105,49,0,1664
-0.6867582310458441,-0.9973802088469973,12,7,1,655
0.5707108124328011,1.706157741494988,58,49,1,1632
0.1290378012936075,1.3682154977022398,60,31,0,915
0.5274095368309193,-1.11002762344458,2,49,1,1949
-1.627261937118715,-1.3353224526397456,5,17,0,1350
0.4563954448438333,0.46703618092157806,2,2,0,1616
-1.5718363043483063,0.35438876632399535,110,5,0,247
-0.5776390165291021,1.2555680831046572,128,37,0,1049
-1.246210711822156,-0.5467905504566665,59,44,1,1485
0.196587791232543,0.917625839311909,105,43,1,1973
-1.1093786809202095,0.46703618092157806,117,9,0,1111
0.22256855659367203,1.3682154977022398,22,43,0,1788
0.29358264858075805,0.5796835955191608,58,22,1,1866
-0.26413778117147846,-1.11002762344458,158,46,1,322
0.9032646090552526,-0.09620089206633556,13,43,0,1965
-1.5406593859149516,-1.2226750380421627,27,33,1,1074
-1.6584388555520697,-0.5467905504566665,46,21,1,510
-1.5146786205538225,1.0302732539094916,152,18,0,1577
-1.3778465896518763,-1.6732646964324938,47,19,1,1006
-1.6411183453113172,-1.2226750380421627,169,48,1,174
-0.7872171904422096,0.917625839311909,187,33,1,1170
-1.6134055289261129,1.2555680831046572,144,5,0,809
1.2825837833277365,0.6923310101167435,151,41,1,1734
0.9482979356812097,0.917625839311909,11,43,1,327
-1.414219661157457,-1.5606172818349109,183,33,0,454
-1.4938940082649192,-0.321495721261501,174,20,0,1130
-0.1740711279195645,0.5796835955191608,162,43,1,1161
-0.3524723833993172,-1.2226750380421627,30,54,0,369
-1.5025542633852955,1.706157741494988,68,45,1,985
-1.5926209166372096,1.3682154977022398,0,38,1,1604
1.7086683352502525,0.6923310101167435,2,49,1,1871
0.9361735785126828,0.8049784247143262,105,49,0,1923
-0.7941453945385107,0.46703618092157806,133,30,1,428
1.157876109594317,1.706157741494988,2,41,1,1417
-0.028578841897241934,0.016446522531247166,114,7,0,287
-1.4453965795908117,0.016446522531247166,106,1,0,102
-1.3016363445925645,0.24174135172641262,61,23,1,120
-0.9586902418256612,1.4808629122998225,57,32,1,64
0.8911402518867257,-0.7720853796518319,151,53,0,1041
-0.24508521990665053,-0.9973802088469973,172,32,1,526
0.36632879159191933,1.706157741494988,105,53,0,1615
-1.56317604922793,0.6923310101167435,136,11,0,1341
1.686151671937274,-1.5606172818349109,22,41,0,1280
-0.45466339381975807,1.2555680831046572,48,35,0,1127
0.4425390366512312,0.917625839311909,58,41,1,1686
-1.5545157941075536,-0.8847327942494146,34,0,0,662
-0.9794748541145645,0.6923310101167435,76,36,1,274
-1.6030132227816611,0.917625839311909,38,40,0,1399
1.370918385555575,-0.5467905504566665,11,2,1,1749
0.4061659651456505,1.4808629122998225,151,53,1,1885
-0.1411621584621344,-0.8847327942494146,10,52,0,1309
1.2323543036295537,-1.4479698672373282,22,53,1,621
1.1613402116424676,1.4808629122998225,105,53,0,616
1.0747376604387042,1.5935103268974053,11,22,1,413
-0.4113621182178763,0.6923310101167435,0,56,1,254
-0.018186535752790323,-1.4479698672373282,36,42,0,676
-1.059149201222027,-1.2226750380421627,45,9,0,1233
-1.324153007905543,0.6923310101167435,186,48,1,249
0.8772838436941236,0.12909393712882988,11,53,1,387
-1.2687273751351344,0.12909393712882988,42,42,0,168
0.3247595670141129,1.706157741494988,13,2,0,1560
-1.5285350287464246,-0.20884830666391827,159,30,0,1351
1.0504889461016504,-0.09620089206633556,13,53,0,1824
-0.5655146593605752,1.4808629122998225,162,51,1,1448
-1.2999042935684892,-1.5606172818349109,188,48,0,440
0.7837530883940591,0.016446522531247166,105,49,1,1805
1.7225247434428548,0.35438876632399535,2,41,1,1925
-1.5683722023001558,0.24174135172641262,64,11,0,99
-1.6740273147687472,-1.5606172818349109,171,10,0,972
0.802805649658887,1.5935103268974053,11,22,1,1527
1.1561440585702418,1.2555680831046572,11,41,1,1778
-0.9552261397775107,0.016446522531247166,196,43,0,82
-0.4910364653253387,-0.6594379650542491,44,38,1,837
1.4020953039889301,-0.09620089206633556,11,2,0,1822
0.8963364049589516,-1.11002762344458,13,22,1,462
-1.731184998563231,-1.11002762344458,115,20,1,412
0.6503851595402634,0.24174135172641262,151,2,0,1308
0.17580317894363978,1.5935103268974053,22,41,1,958
0.18792753611216664,0.46703618092157806,2,22,0,1490
0.39230955695304837,1.706157741494988,11,49,1,1381
-1.589156814589059,1.0302732539094916,196,13,0,245
0.499696720445715,-0.6594379650542491,2,2,0,1312
-0.5603185062883494,0.46703618092157806,192,11,0,1007
1.5943529676612849,-1.5606172818349109,22,41,1,1685
0.08054037261949999,1.2555680831046572,33,4,1,1394
-0.3975057100252742,0.6923310101167435,132,31,1,211
1.639386294287242,-0.4341431358590837,11,22,0,1663
0.48584031225311286,-0.09620089206633556,13,43,0,1424
1.0054556194756934,0.6923310101167435,11,2,0,396
0.8461069252607688,1.4808629122998225,22,2,0,1496
-1.0314363848368224,1.1429206685070743,16,19,1,689
1.260067120014758,1.1429206685070743,22,43,1,1533
0.5170172306864678,1.2555680831046572,11,41,1,578
0.589763373697629,-1.5606172818349109,22,41,0,1942
-1.551051692059403,-0.9973802088469973,71,43,1,796
-0.5395338939994462,0.46703618092157806,87,34,0,1430
0.5291415878549945,-1.11002762344458,2,41,1,722
-0.3005108526770591,0.46703618092157806,21,43,0,419
-1.6237978350705644,-0.4341431358590837,119,18,1,1578
-0.25547752605110213,1.5935103268974053,86,56,0,1154
0.6122800370106075,-0.6594379650542491,11,22,0,1147
-1.344937620194446,-1.6732646964324938,90,44,0,221
-1.4800376000723172,-0.321495721261501,111,32,0,742
0.15328651563066129,1.706157741494988,73,9,1,464
-1.085129966583156,0.016446522531247166,136,9,0,173
0.7283274556236505,1.0302732539094916,11,22,1,1183
0.2468172709307258,-0.20884830666391827,13,22,0,1642
1.4315401713982097,-1.6732646964324938,151,43,0,755
0.8564992314052204,-1.6732646964324938,13,49,1,1842
1.0418286909812742,-1.2226750380421627,105,53,1,1618
0.4685198020123602,-0.6594379650542491,11,49,0,1643
-1.7155965393465538,-1.11002762344458,159,4,0,623
-0.9534940887534354,1.4808629122998225,35,50,1,876
-0.5048928735179409,1.3682154977022398,16,6,1,347
-1.2895119874240375,1.706157741494988,75,5,0,679
-0.20351599532884407,-0.6594379650542491,98,23,1,658
-1.0574171501979515,-1.11002762344458,86,39,0,530
-0.15848266870288708,1.2555680831046572,90,44,0,1324
-0.1307698523176828,-0.9973802088469973,119,40,1,1348
1.2184978954369516,-1.5606172818349109,151,2,1,1701
0.4027018630975,-0.321495721261501,151,41,1,690
-0.9344415274886074,-1.11002762344458,149,24,0,1073
0.4667877509882849,-0.8847327942494146,2,2,1,1938
1.3154927527851665,-1.2226750380421627,151,22,1,660
0.2918505975566828,-0.09620089206633556,13,2,1,1894
-0.07188011749912365,-0.5467905504566665,78,51,0,955
-0.8634274355015215,0.016446522531247166,162,47,1,1422
-0.4511992917716075,-0.9973802088469973,39,20,1,1088
1.4713773449519407,-1.4479698672373282,11,22,0,1443
-0.22776470966589785,-1.2226750380421627,126,56,1,993
-0.46505569996420965,-0.5467905504566665,190,47,0,216
-0.7976094965866612,-1.6732646964324938,4,51,1,756
0.3490082813511666,1.3682154977022398,151,2,0,1895
-0.5239454347827688,-0.6594379650542491,188,51,0,167
0.679830026949543,-0.321495721261501,22,53,1,1262
0.6521172105643387,1.5935103268974053,151,49,1,1184
0.2520134240029516,-0.09620089206633556,11,22,1,1854
0.05455960725837097,-1.5606172818349109,31,50,0,637
-1.0868620176072312,-0.20884830666391827,136,28,0,1314
-0.5759069655050268,-0.6594379650542491,180,23,0,66
0.9101928131515538,0.12909393712882988,151,22,0,1647
-1.1128427829683603,-0.09620089206633556,132,19,1,381
-0.056291658282446234,1.706157741494988,101,52,1,142
-0.37498904671229566,0.35438876632399535,35,39,1,646
-0.4581274958679086,0.12909393712882988,104,0,1,1506
0.06148781135467204,0.46703618092157806,136,9,0,1230
-0.05109550521022043,0.6923310101167435,183,35,0,408
0.9084607621274784,-1.3353224526397456,151,41,0,1672
0.8426428232126182,-1.2226750380421627,13,2,0,1891
0.9067287111034031,-0.9973802088469973,2,43,1,498
0.8495710273089193,-0.9973802088469973,58,41,1,1627
1.1128427829683603,-1.11002762344458,151,22,1,1599
0.43734288357900536,0.8049784247143262,2,22,0,1825
1.2011773851961989,0.8049784247143262,151,49,0,908
1.298172242544414,-1.3353224526397456,11,53,1,1807
0.4096300671938011,-0.6594379650542491,13,41,0,1372
-0.19831984225661828,1.4808629122998225,113,43,1,121
-1.5943529676612849,0.12909393712882988,10,5,0,333
0.29877880165298387,0.24174135172641262,2,41,0,1623
-0.32129546496596234,-0.5467905504566665,49,3,1,1463
0.49450056737348924,-0.9973802088469973,13,49,1,1837
-0.5689787614087258,-1.3353224526397456,109,20,1,1572
0.9205851192960053,0.24174135172641262,22,41,1,1644
-1.6324580901909407,1.0302732539094916,159,13,0,1434
-1.5008222123612203,-1.2226750380421627,52,9,1,835
0.24335316888257524,-0.20884830666391827,151,43,0,599
-0.11518139310100536,1.5935103268974053,25,21,1,534
1.1855889259795214,-0.6594379650542491,22,22,0,386
-0.30570700574928494,0.6923310101167435,70,32,0,312
0.37152494466414515,-0.09620089206633556,11,2,1,1140
-0.8582312824292957,-0.20884830666391827,188,6,0,694
1.3414735181462956,0.5796835955191608,11,53,0,1988
-1.1301632932091128,-0.321495721261501,41,5,1,1374
-1.0626133032701774,-0.09620089206633556,198,48,0,1379
0.042435250089844084,-0.20884830666391827,48,11,0,558
-0.18273138303994085,-1.11002762344458,85,56,0,1538
-0.29704675062890856,-0.20884830666391827,188,7,0,436
1.5458555389871773,1.3682154977022398,105,49,1,1638
-0.9084607621274784,-1.11002762344458,194,20,0,1052
0.8149300068274139,0.8049784247143262,58,2,0,772
0.7750928332736827,-0.20884830666391827,151,2,1,1666
1.0071876704997689,-0.8847327942494146,13,41,0,1843
-0.6018877308661559,-1.11002762344458,84,50,1,55
-1.433272222422285,-0.7720853796518319,50,37,1,179
0.2589416280992527,-1.5606172818349109,11,43,1,1806
-1.665367059648371,1.3682154977022398,53,1,0,1440
-0.4962326183975645,0.24174135172641262,180,37,0,113
-1.5753004063964569,1.1429206685070743,194,55,0,1554
1.6220657840464892,0.8049784247143262,105,41,1,1809
0.3559364854474677,-1.11002762344458,22,53,0,1744
-0.21564035249737096,-0.6594379650542491,1,30,1,1498
0.608815934962457,-0.7720853796518319,58,49,0,1319
1.5406593859149516,0.016446522531247166,22,49,0,1071
0.16194677075103764,0.917625839311909,35,50,1,420
0.2693339342437043,0.6923310101167435,2,2,0,1680
1.3535978753148226,1.2555680831046572,58,2,1,1719
1.660170906576145,-0.4341431358590837,2,2,0,1654
-0.866891537549672,0.6923310101167435,119,52,1,1292
-1.1457517524257903,0.6923310101167435,6,54,1,730
0.32649161803818816,-1.5606172818349109,11,53,1,1456
-1.6826875698891235,-0.6594379650542491,21,32,0,1069
0.37672109773637097,1.2555680831046572,2,41,1,1684
0.6919543841180699,1.1429206685070743,105,49,1,1532
1.421147865253758,1.5935103268974053,2,22,1,1334
-0.09439678081210215,-0.8847327942494146,18,13,0,497
-1.4384683754945107,0.46703618092157806,11,1,1,873
0.7006146392384462,-0.6594379650542491,11,53,1,1994
0.34208007725486556,0.5796835955191608,13,53,1,975
0.4390749346030806,1.1429206685070743,11,49,1,239
1.0626133032701774,1.0302732539094916,151,49,0,1754
-0.151554464606586,0.24174135172641262,47,18,1,363
-0.8807479457422741,-1.11002762344458,183,1,0,6
-0.08054037261949999,-1.6732646964324938,31,56,0,125
0.1688749748473387,0.016446522531247166,177,37,1,1055
0.056291658282446234,0.46703618092157806,173,19,1,1573
-0.7144710474310484,0.8049784247143262,41,22,1,815
-0.43214673050677954,-0.9973802088469973,41,16,1,1177
-0.5932274757457795,-0.9973802088469973,59,33,1,1406
-1.3258850589296183,-1.11002762344458,102,9,0,1517
-0.4633236489401344,-0.321495721261501,158,39,1,1512
1.712132437298403,0.35438876632399535,151,53,1,1730
1.0955222727276075,-0.6594379650542491,151,41,0,1013
0.27106598526777953,-1.2226750380421627,151,49,0,991
0.8131979558033386,-1.5606172818349109,151,2,0,753
0.7352556597199515,0.5796835955191608,22,49,1,1747
1.0868620176072312,1.2555680831046572,2,41,0,892
-0.1134493420769301,1.3682154977022398,39,45,1,1144
0.3628646895437688,1.4808629122998225,11,22,0,909
0.1134493420769301,-1.6732646964324938,163,56,0,1453
-1.544123487963102,-0.20884830666391827,70,11,0,1133
0.9396376805608333,-1.4479698672373282,58,53,1,1042
-0.7473800168884784,-0.7720853796518319,102,3,0,1535
0.2901185465326075,-0.5467905504566665,2,2,1,654
0.3022429037011344,-0.8847327942494146,151,43,1,1540
-0.18965958713624192,-0.20884830666391827,131,21,0,27
-0.09093267876395161,1.706157741494988,154,6,1,98
0.08400447466765053,0.5796835955191608,66,42,1,370
0.6105479859865323,1.2555680831046572,105,49,1,311
1.3466696712185215,-0.5467905504566665,2,41,1,1648
0.7733607822496075,-0.7720853796518319,22,49,0,1797
-0.20005189328069353,0.12909393712882988,196,17,0,1189
1.1648043136906183,1.4808629122998225,13,41,1,1326
-0.2589416280992527,-0.321495721261501,83,27,1,951
-0.45985954689198383,-1.4479698672373282,181,8,0,907
-0.4893044143012634,-1.3353224526397456,87,31,0,177
-0.9448338336330591,-0.20884830666391827,170,47,1,570
-1.2739235282073602,0.6923310101167435,178,37,1,1457
-1.6012811717575859,-0.8847327942494146,175,52,0,380
1.1388235483294893,1.3682154977022398,22,22,0,1733
-0.9621543438738118,-1.6732646964324938,18,11,0,357
-1.0470248440535,0.12909393712882988,112,32,1,754
-1.426344018325984,-1.3353224526397456,66,50,1,1221
0.07361216852319892,0.5796835955191608,39,39,1,383
1.2739235282073602,0.917625839311909,2,22,1,1820
0.6954184861662204,-0.321495721261501,13,49,1,1827
0.6590454146606397,1.4808629122998225,105,22,1,1576
-0.7006146392384462,0.46703618092157806,83,37,1,587
-1.6255298860946397,0.24174135172641262,48,26,0,576
0.5135531286383171,-1.6732646964324938,13,43,0,1386
-0.22083650556959677,0.917625839311909,26,23,0,519
0.8478389762848441,1.0302732539094916,13,22,1,1656
1.5216068246501235,-0.09620089206633556,22,43,1,819
-1.2496748138703064,1.4808629122998225,171,20,0,143
-1.6688311616965215,-0.9973802088469973,110,55,0,548
1.6896157739854247,-0.9973802088469973,58,22,0,1872
-0.5845672206254032,-0.4341431358590837,46,27,1,362
1.6515106514557687,0.46703618092157806,22,43,0,1741
0.769896680201457,-0.20884830666391827,58,22,0,1245
-0.03897114804169355,-1.2226750380421627,62,28,0,848
0.9898671602590161,1.2555680831046572,11,43,1,1882
-0.45293134279568276,-0.20884830666391827,168,26,1,1565
-1.4003632529648549,-0.4341431358590837,155,42,1,1265
-0.13943010743805914,-0.7720853796518319,148,18,1,886
-0.9413697315849086,0.917625839311909,197,28,1,252
-0.5620505573124247,-1.11002762344458,111,19,0,130
-0.41482622026602683,1.4808629122998225,177,24,1,971
1.3986312019407794,1.4808629122998225,11,41,0,233
1.0435607420053494,0.46703618092157806,58,41,0,1365
-0.47025185303643546,0.5796835955191608,64,48,1,18
-1.0175799766442204,-0.321495721261501,194,44,0,874
0.17060702587141396,-0.09620089206633556,1,15,1,774
-0.3022429037011344,-0.9973802088469973,126,11,1,968
1.1076466298961343,-0.6594379650542491,13,49,0,1416
-0.6642415677328656,-0.9973802088469973,133,42,1,1098
-1.5337311818186505,1.4808629122998225,3,46,1,495
-1.0089197215238441,1.706157741494988,179,48,1,1392
1.577032457420532,-0.7720853796518319,105,43,1,619
-0.0528275562342957,0.917625839311909,160,9,0,422
-0.6850261800217687,-1.5606172818349109,137,35,1,31
1.5908888656131344,0.35438876632399535,58,22,0,701
-1.577032457420532,1.0302732539094916,36,31,0,922
-0.2624057301474032,-0.321495721261501,0,10,1,1361
0.8998005070071021,-0.8847327942494146,22,43,1,455
1.589156814589059,1.706157741494988,151,49,0,1985
-0.4269505774345537,-1.3353224526397456,35,52,1,737
-0.8686235885737472,-0.7720853796518319,161,1,1,20
0.4789121081568118,0.35438876632399535,13,53,0,579
0.5637826083365,-0.321495721261501,58,53,1,1703
-1.712132437298403,0.35438876632399535,160,46,0,734
-1.0452927930294247,1.3682154977022398,122,28,1,278
-1.2392825077258547,1.1429206685070743,9,35,0,1333
0.11518139310100536,-0.321495721261501,17,25,1,1237
0.331687771110414,0.6923310101167435,13,53,0,1738
1.2895119874240375,1.5935103268974053,151,2,0,1711
-0.5360697919512957,-0.4341431358590837,141,42,1,776
1.3033683956166398,0.8049784247143262,2,53,0,1469
1.5164106715778978,-0.09620089206633556,151,41,1,965
-0.5378018429753709,1.3682154977022398,26,18,0,1294
-0.2572095770751774,-1.3353224526397456,51,48,1,105
-1.4557888857352634,0.46703618092157806,58,13,1,888
-0.18099933201586557,-1.6732646964324938,79,48,1,1323
0.9967953643553171,-0.8847327942494146,11,41,0,423
-1.286047885375887,-1.11002762344458,136,40,0,1193
-1.150947905498016,-0.20884830666391827,112,9,1,559
1.5233388756741988,0.6923310101167435,11,22,1,1669
0.06841601545097312,-1.4479698672373282,54,42,0,838
-0.8391787211644677,-0.09620089206633556,74,23,1,601
0.6036197818902311,0.6923310101167435,13,22,0,286
0.026846790873166666,-1.4479698672373282,170,5,1,622
-0.4009698120734247,0.917625839311909,23,3,1,157
1.292976089472188,-1.11002762344458,22,43,1,376
-0.4130941692419516,0.6923310101167435,167,22,0,44
0.4269505774345537,-0.09620089206633556,2,41,1,1687
0.3524723833993172,0.46703618092157806,13,2,0,1793
0.8097338537551881,-0.6594379650542491,58,53,1,735
1.7034721821780268,0.016446522531247166,11,2,1,1303
-0.828786415020016,-0.09620089206633556,116,56,1,597
-1.6930798760335752,-0.09620089206633556,48,9,0,1415
-1.1145748339924355,-0.20884830666391827,184,20,0,61
0.4806441591808871,0.35438876632399535,58,41,1,1953
0.5412659450235214,-1.5606172818349109,105,43,1,1313
1.1821248239313709,-1.2226750380421627,13,22,1,1614
-1.1422876503776398,-1.6732646964324938,108,5,1,478
-0.9846710071867902,0.46703618092157806,100,46,1,1347
-0.911924864175629,0.46703618092157806,22,9,1,688
-1.3553299263388978,1.706157741494988,166,23,0,569
-0.15328651563066129,0.8049784247143262,83,20,1,465
0.3940416079771236,0.46703618092157806,58,53,0,329
1.033168435860898,1.706157741494988,13,22,1,1651
0.01991858677686559,1.706157741494988,143,39,0,159
1.6445824473594677,-0.7720853796518319,13,43,1,1846
-1.570104253324231,0.016446522531247166,156,52,0,226
0.014722433704639784,1.3682154977022398,106,48,0,207
0.12210959719730645,1.0302732539094916,66,54,1,34
0.16021471972696236,0.917625839311909,143,14,0,1208
1.5839606615168333,-0.8847327942494146,11,43,1,1631
0.5343377409272204,1.3682154977022398,105,2,0,680
-0.525677485806844,-0.8847327942494146,93,34,1,1465
1.433272222422285,1.2555680831046572,22,49,0,1926
-0.00606217858426344,0.46703618092157806,51,36,1,110
-1.466181191879715,-1.11002762344458,15,44,1,117
0.17233907689548925,-1.6732646964324938,184,27,0,153
1.2444786607980807,1.706157741494988,151,49,0,596
1.7277208965150805,1.3682154977022398,11,22,0,469
-0.3645967405678441,0.016446522531247166,70,29,1,48
-0.7265954045995753,-0.20884830666391827,131,27,0,1562
-0.5135531286383171,-1.11002762344458,88,35,1,326
0.3680608426159946,1.0302732539094916,58,53,1,241
0.5118210776142419,0.46703618092157806,58,53,0,1979
1.1526799565220913,0.917625839311909,13,53,0,1728
0.4511992917716075,-1.11002762344458,22,22,1,930
-0.8876761498385752,0.8049784247143262,180,31,0,451
-0.7629684761051558,0.46703618092157806,50,14,1,3
0.24508521990665053,-0.4341431358590837,13,43,0,589
0.2069800973769946,0.24174135172641262,58,41,0,1021
-0.34381212827894087,1.0302732539094916,113,13,1,1561
-0.8443748742366936,-1.11002762344458,42,13,0,1205
-0.634796700323586,-1.5606172818349109,147,5,1,1555
1.5960850186853601,0.5796835955191608,105,41,1,214
1.363990181459274,0.35438876632399535,105,43,1,1067
0.9448338336330591,1.706157741494988,13,22,0,1191
0.26067367912332795,-1.6732646964324938,13,43,0,1589
-0.3628646895437688,-1.5606172818349109,42,45,0,666
-1.5302670797705,-1.4479698672373282,161,10,1,1503
-0.44946724074753225,1.4808629122998225,75,10,0,1273
1.1959812321239731,1.4808629122998225,105,53,0,547
0.1411621584621344,1.3682154977022398,165,29,1,184
-0.29358264858075805,-1.11002762344458,152,36,0,1356
-1.525070926698274,-0.09620089206633556,158,1,1,435
-0.5949595267698549,-0.4341431358590837,124,15,0,535
1.5718363043483063,-0.09620089206633556,105,2,1,1081
-0.6313325982754354,1.1429206685070743,171,40,0,116
-1.092058170679457,1.5935103268974053,168,16,1,1600
-1.266995324111059,-0.5467905504566665,128,10,0,767
-0.5966915777939301,0.12909393712882988,175,40,0,586
-0.11171729105285483,-1.11002762344458,39,19,1,885
-0.3074390567733602,0.12909393712882988,83,5,1,1241
-0.23122881171404838,-1.2226750380421627,23,50,1,54
-1.6515106514557687,0.8049784247143262,45,6,0,1126
0.6469210574921128,0.46703618092157806,151,53,0,1785
1.227158150557328,1.3682154977022398,13,2,1,1331
-0.014722433704639784,-0.321495721261501,40,6,0,939
-0.21390830147329568,-0.5467905504566665,196,37,0,561
-0.39230955695304837,-1.11002762344458,95,30,1,129
0.3801851997845215,-1.11002762344458,22,49,1,1729
1.731184998563231,-0.7720853796518319,105,49,0,1318
-1.72425679446693,0.6923310101167435,176,11,1,392
0.00606217858426344,1.3682154977022398,164,3,0,990
1.253138915918457,-0.9973802088469973,105,49,0,1972
-1.2756555792314355,-0.09620089206633556,11,34,1,883
0.9864030582108655,1.2555680831046572,13,41,1,633
1.4384683754945107,1.4808629122998225,58,43,0,1975
-0.9638863948978871,1.4808629122998225,166,11,0,1282
0.0043301275601881715,-0.9973802088469973,18,10,0,1489
0.13423395436583332,-0.8847327942494146,136,52,0,193
-0.28145829141223117,-0.5467905504566665,30,30,0,503
1.3691863345314998,0.24174135172641262,105,43,0,266
-1.2046414872443494,1.5935103268974053,75,52,0,1353
0.6330646492995107,0.24174135172641262,13,49,1,1590
0.9656184459219623,0.46703618092157806,22,43,0,1363
-1.1890530280276719,-1.6732646964324938,167,22,0,1388
-1.473109395976016,0.8049784247143262,109,44,1,382
0.2572095770751774,1.2555680831046572,151,53,1,1536
0.3697928936400699,-0.20884830666391827,11,49,0,1259
-0.7369877107440268,-0.20884830666391827,143,29,0,988
-1.6445824473594677,1.706157741494988,166,30,0,238
0.956958190801586,-0.4341431358590837,58,2,1,720
-0.47371595508458597,1.5935103268974053,165,9,1,741
-0.28838649550853224,-0.4341431358590837,36,54,0,1116
0.6538492615884139,1.5935103268974053,11,43,0,1706
0.20005189328069353,1.3682154977022398,2,43,1,849
0.28838649550853224,1.0302732539094916,13,53,0,1611
-0.9171210172478548,0.12909393712882988,193,1,0,1483
-0.049363454186145156,-0.09620089206633556,84,11,1,135
-0.6001556798420806,1.2555680831046572,23,34,1,1003
-1.040096639957199,1.0302732539094916,196,20,0,663
-0.8461069252607688,0.016446522531247166,70,0,1,1391
-1.176928670859145,-0.6594379650542491,39,38,1,1524
-1.698276029105801,-0.7720853796518319,186,4,1,773
-0.5464620980957473,-1.2226750380421627,4,48,1,9
-1.6705632127205967,0.016446522531247166,129,10,0,1101
-0.1688749748473387,-0.20884830666391827,162,25,1,1255
1.3484017222425968,1.706157741494988,105,53,1,1857
-0.29877880165298387,-0.6594379650542491,58,42,1,974
1.478305549048242,-1.5606172818349109,22,53,0,1906
-1.0262402317645967,-1.3353224526397456,196,33,0,1201
-0.13769805641398386,0.35438876632399535,5,15,0,612
-0.8010735986348118,-1.3353224526397456,94,50,0,97
-0.4182903223141774,0.35438876632399535,43,25,0,275
1.5666401512760806,-0.321495721261501,105,22,1,606
0.10825318900470429,-0.321495721261501,110,20,0,80
0.3455441793030161,-1.6732646964324938,11,43,0,243
-1.3068324976647903,0.917625839311909,170,12,1,553
0.7213992515273494,-0.9973802088469973,11,22,0,1466
0.22083650556959677,1.4808629122998225,2,43,1,1343
-0.3732569956882204,0.016446522531247166,180,46,0,1310
1.286047885375887,-0.5467905504566665,151,49,1,1956
-0.8842120477904247,0.016446522531247166,2,30,1,104
-1.4644491408556397,-1.5606172818349109,32,47,1,402
-0.06668396442689785,1.0302732539094916,107,14,1,602
-0.2537454750270269,-0.7720853796518319,138,37,1,339
0.5395338939994462,-1.3353224526397456,11,22,1,813
-0.6486531085161882,0.917625839311909,93,10,1,1107
-0.544730047071672,1.0302732539094916,101,56,1,1136
0.9725466500182633,-0.7720853796518319,2,53,0,1607
-0.7456479658644032,0.24174135172641262,181,35,0,768
1.5735683553723816,-0.321495721261501,11,41,1,1674
-1.7017401311539515,-1.11002762344458,111,28,0,1446
-1.511214518505672,1.2555680831046572,152,10,0,1048
0.6001556798420806,-0.8847327942494146,22,22,0,268
0.4841082612290376,1.1429206685070743,13,22,1,1645
1.6774914168168977,-0.6594379650542491,22,43,1,1919
-0.12557369924545697,-1.4479698672373282,186,42,1,131
-0.03377499496946774,1.5935103268974053,191,38,1,1060
1.6705632127205967,0.24174135172641262,22,49,0,1720
-1.4020953039889301,-1.3353224526397456,138,37,1,1497
0.2416211178585,-0.5467905504566665,151,53,0,634
-0.012990382680564516,0.917625839311909,164,50,0,182
1.6549747535039192,-0.4341431358590837,151,53,1,1332
1.1370914973054138,-0.5467905504566665,151,49,0,1751
-0.6815620779736182,-0.4341431358590837,4,7,1,675
-1.4194158142296827,-1.2226750380421627,145,33,0,47
-1.2098376403165751,-0.8847327942494146,19,7,0,855
-0.8720876906218978,-0.5467905504566665,31,50,0,664
1.2479427628462312,0.12909393712882988,58,22,1,1783
1.2288902015814032,-0.8847327942494146,22,2,1,736
1.537195283866801,0.917625839311909,58,22,0,1628
1.717328590370629,0.917625839311909,151,49,0,987
-0.8357146191163172,0.12909393712882988,87,45,0,834
1.705204233202102,-0.321495721261501,151,22,0,1018
0.12037754617323118,1.706157741494988,197,50,1,608
-0.9067287111034031,0.24174135172641262,30,23,0,79
-1.459252987783414,-1.5606172818349109,141,20,1,603
0.42175442436232796,-0.321495721261501,58,49,1,1662
0.33861597520671505,-0.321495721261501,105,43,0,1782
-1.7034721821780268,-0.09620089206633556,176,15,1,1377
0.9275133233923064,0.8049784247143262,22,41,0,1691
0.12557369924545697,1.4808629122998225,64,10,0,434
1.6826875698891235,0.8049784247143262,22,53,1,1681
-0.7854851394181344,-0.09620089206633556,133,20,1,1210
0.9344415274886074,-0.20884830666391827,58,53,0,1845
-0.5914954247217042,0.016446522531247166,69,39,1,13
1.0833979155590805,-0.20884830666391827,58,2,0,237
0.03377499496946774,-0.5467905504566665,52,42,1,814
1.1474838034498656,-1.5606172818349109,2,49,0,258
0.8738197416459731,-0.321495721261501,13,53,1,504
-0.07014806647504838,-0.8847327942494146,195,21,1,1513
1.5268029777223493,-0.8847327942494146,2,53,1,821
-1.24101455874993,-0.5467905504566665,51,10,1,977
-0.35074033237524194,0.12909393712882988,198,16,0,73
1.085129966583156,0.46703618092157806,11,22,0,1732
-1.3414735181462956,-1.2226750380421627,167,46,0,980
-1.686151671937274,-1.11002762344458,28,1,1,994
1.3345453140499945,-1.4479698672373282,11,22,0,1079
-0.9742787010423387,0.8049784247143262,87,0,0,1276
1.6428503963353924,0.46703618092157806,22,22,0,1068
0.6729018228532418,-0.7720853796518319,2,2,0,557
-1.3345453140499945,0.24174135172641262,62,17,0,1370
-1.6670991106724462,1.0302732539094916,8,8,0,450
-0.4338787815308548,1.706157741494988,74,16,0,919
0.07880832159542472,0.6923310101167435,154,31,1,668
0.6902223330939946,-1.11002762344458,11,22,1,388
-0.91885306827193,0.6923310101167435,14,15,1,470
1.1994453341721236,-1.2226750380421627,151,22,1,546
1.6757593657928225,1.1429206685070743,22,43,0,1791
-0.5412659450235214,-0.9973802088469973,23,10,1,15
1.4609850388074892,0.016446522531247166,151,2,1,992
-0.6244043941791344,0.016446522531247166,177,1,1,970
1.234086354653629,-1.11002762344458,11,41,1,1851
0.3784531487604462,0.5796835955191608,2,53,0,354
0.2745300873159301,0.35438876632399535,151,22,0,1650
0.7196672005032742,1.5935103268974053,22,43,1,1714
0.9136569151997043,-1.3353224526397456,2,2,1,1736
1.1353594462813386,0.35438876632399535,2,22,0,545
0.5204813327346183,1.1429206685070743,2,41,1,1819
1.4246119673019084,-0.9973802088469973,151,22,0,427
-0.3455441793030161,0.12909393712882988,123,13,1,986
1.0452927930294247,-0.9973802088469973,105,53,0,917
-1.4540568347111882,0.35438876632399535,39,13,1,961
-0.07534421954727419,-0.8847327942494146,59,50,1,1579
0.3230275159900376,-0.9973802088469973,2,49,0,1617
-0.30917110779743545,0.6923310101167435,176,23,1,942
1.1803927729072956,-1.6732646964324938,58,2,0,197
-0.21217625044922042,-1.6732646964324938,43,4,0,100
-0.14982241358251075,1.706157741494988,193,26,0,903
-1.4679132429037902,0.016446522531247166,100,28,1,1121
1.5077504164575215,-1.3353224526397456,2,49,1,1779
1.344937620194446,0.8049784247143262,151,2,0,1212
-0.8495710273089193,1.1429206685070743,60,46,0,566
0.23469291376219892,1.1429206685070743,58,22,0,1936
0.4338787815308548,1.4808629122998225,11,53,1,1652
1.1838568749554461,-0.321495721261501,58,41,0,860
-1.5527837430834783,-1.2226750380421627,30,27,0,485
0.7716287312255322,-0.321495721261501,2,22,0,1423
0.7681646291773817,-0.6594379650542491,13,2,0,1977
-0.7162030984551236,0.917625839311909,67,50,0,51
1.331081212001844,1.706157741494988,2,43,0,803
0.24854932195480106,0.016446522531247166,2,43,0,1723
-1.639386294287242,0.12909393712882988,121,50,1,786
-1.4696452939278655,-1.11002762344458,36,3,0,1141
-1.033168435860898,-0.4341431358590837,96,18,1,50
1.6324580901909407,-1.2226750380421627,105,49,0,567
-1.3726504365796504,0.917625839311909,132,1,1,520
1.5493196410353278,0.8049784247143262,105,2,0,1649
0.21217625044922042,1.2555680831046572,13,53,0,1337
1.5423914369390268,0.016446522531247166,151,2,0,716
-1.717328590370629,1.1429206685070743,47,8,1,528
0.025114739849091395,1.0302732539094916,146,26,0,1410
1.570104253324231,-1.4479698672373282,105,41,0,542
0.10478908695655376,-0.321495721261501,190,9,0,1024
-0.9482979356812097,-1.4479698672373282,172,52,1,181
-1.292976089472188,0.8049784247143262,55,44,1,74
0.5672467103846505,1.3682154977022398,2,41,0,1859
-0.17926728099179032,0.917625839311909,55,38,1,433
1.2704594261592097,-1.5606172818349109,58,43,1,1360
-0.2069800973769946,0.917625839311909,3,8,1,374
1.0314363848368224,-1.3353224526397456,13,22,0,1659
1.5389273348908763,0.46703618092157806,11,22,0,1546
-0.6521172105643387,-0.9973802088469973,124,18,0,1305
-1.1336273952572633,1.3682154977022398,184,23,0,443
1.2167658444128764,-1.11002762344458,151,49,1,1959
-1.2773876302555107,1.5935103268974053,18,44,0,466
1.098986374775758,1.706157741494988,58,22,1,785
0.5568544042401989,-0.09620089206633556,151,41,1,481
0.7595043740570053,-1.11002762344458,105,22,0,453
-1.4713773449519407,1.3682154977022398,135,32,0,1278
-0.9136569151997043,-0.20884830666391827,186,50,1,145
-0.6226723431550591,0.24174135172641262,144,27,0,1487
1.7017401311539515,0.35438876632399535,13,22,1,1480
1.5285350287464246,-1.3353224526397456,22,53,1,1454
-0.7785569353218333,1.706157741494988,164,50,0,1296
1.350133773266672,-0.321495721261501,151,2,0,1883
-0.12384164822138172,1.2555680831046572,61,21,1,1197
-0.8859440988145,-0.9973802088469973,70,21,1,1537
1.4055594060370806,-0.20884830666391827,13,43,0,1173
0.29704675062890856,1.1429206685070743,11,22,1,1408
-1.478305549048242,-0.09620089206633556,183,9,0,1569
1.220229946461027,0.12909393712882988,22,22,1,1993
1.6082093758538871,0.5796835955191608,13,43,1,1957
-1.0349004868849732,-0.20884830666391827,42,8,0,39
-0.07880832159542472,1.0302732539094916,143,38,0,302
1.5198747736260483,-0.6594379650542491,13,22,1,574
-0.589763373697629,-0.4341431358590837,127,55,0,1010
0.6451890064680376,1.4808629122998225,22,2,0,765
-0.9292453744163817,-0.09620089206633556,61,33,1,1474
0.6053518329143064,-0.09620089206633556,105,49,0,1828
-1.4090235080852311,-0.8847327942494146,121,21,1,36
0.25547752605110213,-1.11002762344458,58,22,1,1366
0.3888454549048978,0.46703618092157806,105,41,1,508
-0.6780979759254677,0.917625839311909,46,43,1,817
-1.4835017021204677,0.46703618092157806,173,11,1,346
-0.4304146794827043,0.12909393712882988,29,37,1,19
0.9257812723682312,-0.09620089206633556,2,53,1,625
-0.03204294394539247,1.0302732539094916,3,8,1,398
-1.3899709468204031,-1.4479698672373282,89,7,1,1063
1.0972543237516827,0.5796835955191608,2,22,0,1888
-0.20178394430476881,-1.5606172818349109,6,24,1,1192
-1.2479427628462312,0.12909393712882988,94,55,0,797
-1.2236940485091774,0.24174135172641262,194,3,0,101
1.426344018325984,1.1429206685070743,105,53,1,1670
-1.0383645889331237,1.706157741494988,82,44,1,314
-1.5198747736260483,-1.3353224526397456,50,50,1,1263
0.35940058749561826,-0.321495721261501,22,41,1,1929
-1.3813106917000268,0.8049784247143262,35,14,1,28
0.8010735986348118,-1.5606172818349109,105,49,0,1530
-0.28492239346038173,-1.3353224526397456,171,7,0,1325
-1.305100446640715,1.0302732539094916,60,26,0,729
0.7612364250810806,0.016446522531247166,11,43,1,1248
1.305100446640715,1.1429206685070743,13,43,0,523
1.5614439982038548,0.46703618092157806,151,2,1,1592
1.2254260995332527,-1.2226750380421627,13,49,0,996
1.525070926698274,-1.4479698672373282,11,49,0,904
0.26586983219555377,-1.4479698672373282,151,49,0,1534
1.1457517524257903,1.0302732539094916,58,53,0,225
0.7387197617681022,-0.7720853796518319,22,41,0,1875
-1.066077405318328,-0.321495721261501,141,10,1,911
1.3137607017610913,-1.4479698672373282,13,22,1,843
-0.2520134240029516,0.016446522531247166,154,28,1,459
1.021044078692371,-0.4341431358590837,22,49,0,1097
-1.3518658242907473,-1.4479698672373282,31,17,0,937
-0.6209402921309838,-1.3353224526397456,17,36,1,68
-1.7294529475391558,0.917625839311909,84,12,1,457
-1.537195283866801,-0.09620089206633556,13,7,1,686
-0.5222133837586935,-0.4341431358590837,67,36,0,1486
1.5856927125409086,-1.5606172818349109,2,53,1,1758
-0.08400447466765053,-1.3353224526397456,83,5,1,1345
1.1232350891128118,-0.321495721261501,13,41,0,555
1.1024504768239085,0.46703618092157806,13,53,0,989
1.5337311818186505,0.6923310101167435,2,43,0,1987
0.7110069453828978,1.2555680831046572,151,43,1,604
0.7092748943588225,0.016446522531247166,11,43,0,847
0.9240492213441559,0.46703618092157806,2,49,1,1479
0.5048928735179409,0.8049784247143262,2,22,1,710
1.4003632529648549,-1.6732646964324938,58,49,0,1053
-0.9673504969460376,-0.6594379650542491,84,35,1,859
0.9015325580311774,0.46703618092157806,22,41,1,1283
0.23642496478627417,-1.5606172818349109,105,53,1,1346
1.2392825077258547,0.5796835955191608,2,41,0,1109
0.44427108767530643,0.12909393712882988,11,22,0,1378
1.4956260592889945,-0.20884830666391827,2,49,1,304
1.0937902217035322,-0.9973802088469973,58,53,0,1748
1.2046414872443494,-0.6594379650542491,13,22,0,1771
0.6884902820699194,-0.4341431358590837,58,22,0,1444
-0.582835169601328,1.0302732539094916,112,1,1,192
1.447128630614887,-1.11002762344458,105,2,1,1694
0.4460031386993817,-1.6732646964324938,151,43,0,1677
1.3397414671222203,0.5796835955191608,11,43,1,1336
1.2133017423647257,0.46703618092157806,22,53,0,1880
-1.1821248239313709,-0.9973802088469973,72,23,1,1175
-0.608815934962457,0.46703618092157806,34,31,0,240
0.7525761699607043,-1.2226750380421627,58,41,0,1040
0.8305184660440914,0.8049784247143262,58,41,0,778
-0.5031608224938655,-0.5467905504566665,30,30,0,260
0.6625095167087903,1.1429206685070743,2,41,0,1667
0.4893044143012634,1.1429206685070743,105,2,0,752
-0.04763140316206989,0.016446522531247166,102,24,0,912
-0.6451890064680376,0.016446522531247166,193,47,0,491
-0.6365287513476613,1.4808629122998225,159,35,0,868
0.5308736388790699,-0.09620089206633556,105,2,0,1908
0.6936864351421451,-0.5467905504566665,11,49,1,1833
0.7075428433347473,0.12909393712882988,22,2,0,1268
0.4304146794827043,0.917625839311909,58,22,1,1868
1.6497786004316934,-1.4479698672373282,58,53,1,341
0.44080698562715587,0.917625839311909,2,53,0,824
0.859963333453371,0.917625839311909,105,53,1,1077
0.6434569554439623,0.35438876632399535,11,49,0,444
0.9171210172478548,-0.09620089206633556,105,49,1,1998
1.1492158544739408,1.4808629122998225,11,41,1,1976
0.6140120880346828,-1.11002762344458,11,49,1,618
1.6030132227816611,0.8049784247143262,58,41,1,234
1.5597119471797796,1.5935103268974053,2,41,1,467
1.1145748339924355,-0.5467905504566665,11,2,0,1499
1.4696452939278655,0.46703618092157806,58,2,1,1902
-0.35420443442339244,-0.20884830666391827,25,5,1,407
-0.6140120880346828,-1.5606172818349109,167,29,0,305
0.02165063780094086,-0.4341431358590837,9,50,0,770
1.4540568347111882,-1.2226750380421627,151,22,0,285
-0.7681646291773817,1.4808629122998225,101,27,1,29
-0.5516582511679731,0.35438876632399535,20,26,1,979
-0.731791557671801,1.5935103268974053,63,56,0,1492
0.18965958713624192,-0.7720853796518319,2,41,0,227
0.46159159791605914,-0.9973802088469973,151,41,1,1633
1.2514068648943817,-0.7720853796518319,58,49,1,1921
0.31783136291781183,1.3682154977022398,11,2,1,897
-0.8235902619477903,1.5935103268974053,90,32,0,1092
0.10305703593247849,-0.09620089206633556,69,9,1,273
-0.795877445562586,-1.5606172818349109,24,27,1,846
0.3368839241826398,0.12909393712882988,58,41,1,515
1.1751966198350698,-1.3353224526397456,58,22,0,1550
-0.4356108325549301,-0.4341431358590837,70,50,1,186
1.4748414470000912,0.5796835955191608,2,49,0,1899
0.7456479658644032,-1.3353224526397456,151,22,1,1773
-0.892872302910801,-0.09620089206633556,37,16,0,1315
1.312028650737016,-1.5606172818349109,58,43,1,415
-1.5666401512760806,-0.8847327942494146,171,13,0,1402
0.035507045993543006,1.1429206685070743,69,29,1,692
-0.7560402720088548,-1.2226750380421627,165,50,1,890
0.4581274958679086,-0.7720853796518319,22,2,1,1707
-0.4460031386993817,0.016446522531247166,109,15,1,1279
-0.23642496478627417,-0.5467905504566665,76,50,1,827
1.0366325379090484,-0.7720853796518319,13,53,1,349
1.2375504567017794,-0.321495721261501,22,2,0,1884
0.8391787211644677,-1.6732646964324938,2,2,0,1358
-0.18792753611216664,-1.6732646964324938,179,26,1,507
1.0002594664034676,-1.2226750380421627,22,41,0,1114
0.06668396442689785,0.12909393712882988,157,48,0,334
-1.3743824876037258,-1.3353224526397456,68,3,1,1601
-1.0522209971257257,-0.9973802088469973,112,3,1,139
-0.3559364854474677,-1.5606172818349109,100,50,1,1125
-0.2243006076177473,1.4808629122998225,79,44,0,749
-1.0435607420053494,-0.9973802088469973,72,7,1,840
-0.40443391412157526,-0.321495721261501,181,3,0,923
1.4575209367593387,0.46703618092157806,11,53,0,1999
0.4182903223141774,0.6923310101167435,11,41,0,1944
0.049363454186145156,1.706157741494988,25,34,1,8
1.3726504365796504,-0.6594379650542491,105,53,1,895
-0.6192082411069085,-0.8847327942494146,183,26,0,518
1.544123487963102,0.6923310101167435,22,43,0,1698
-0.6711697718291666,-0.20884830666391827,82,4,1,281
1.3206889058573925,-1.4479698672373282,11,53,1,1640
-0.06841601545097312,-0.9973802088469973,167,5,0,1593
0.9881351092349409,1.1429206685070743,151,49,0,1784
-0.4754480061086613,-0.09620089206633556,186,17,1,537
-0.5481941491198226,-0.5467905504566665,169,21,1,4
-1.5614439982038548,-0.9973802088469973,38,10,0,224
-0.33861597520671505,-1.5606172818349109,79,19,0,1124
1.3016363445925645,-0.9973802088469973,22,49,1,864
1.0349004868849732,0.6923310101167435,2,2,0,1168
-1.027972282788672,-0.5467905504566665,131,8,0,231
-0.8616953844774462,-0.20884830666391827,76,51,1,299
0.12384164822138172,1.3682154977022398,146,21,0,496
0.09786088286025268,-1.3353224526397456,98,46,1,934
-0.12210959719730645,0.24174135172641262,5,33,0,640
-0.38191725080859673,-1.2226750380421627,143,14,0,1243
-1.3847747937481774,-1.3353224526397456,65,26,1,984
-1.499090161337145,1.706157741494988,59,10,1,106
0.08920062773987635,-0.20884830666391827,196,54,0,1288
-1.6619029576002204,1.2555680831046572,93,21,1,998
0.030310892921317202,1.0302732539094916,78,37,0,264
-1.3328132630259193,-0.9973802088469973,94,13,0,1580
0.8894082008626505,-0.20884830666391827,22,41,0,1877
1.3795786406759516,1.0302732539094916,11,49,1,1982
-1.0764697114627795,-1.11002762344458,65,39,1,1174
-1.2323543036295537,0.12909393712882988,64,42,0,1155
-1.0071876704997689,0.917625839311909,127,50,0,1311
1.2098376403165751,0.24174135172641262,151,53,0,1368
-1.053953048149801,0.6923310101167435,110,8,0,502
-0.705810792310672,1.706157741494988,112,26,1,670
0.9049966600793279,-1.2226750380421627,11,22,1,554
0.28145829141223117,1.0302732539094916,2,41,1,1673
0.14982241358251075,-1.11002762344458,91,4,1,160
0.8582312824292957,-1.11002762344458,22,41,1,1061
-0.6105479859865323,0.016446522531247166,66,9,1,517
0.26413778117147846,-0.9973802088469973,58,41,0,384
0.6365287513476613,-1.6732646964324938,13,49,0,1544
-0.8305184660440914,-0.4341431358590837,50,32,1,1160
1.4938940082649192,-0.5467905504566665,22,41,1,551
-1.620333733022414,1.4808629122998225,64,31,0,89
1.4488606816389622,0.12909393712882988,105,22,1,300
-1.7069362842261773,0.6923310101167435,86,48,0,404
0.312635209845586,-0.20884830666391827,2,22,1,702
0.11171729105285483,0.5796835955191608,66,40,1,1020
-0.8790158947181989,1.2555680831046572,154,13,1,94
-1.0747376604387042,1.4808629122998225,131,36,0,525
-1.4072914570611559,-0.321495721261501,88,48,1,1240
-0.4096300671938011,-0.20884830666391827,66,30,1,394
-1.357061977362973,-0.9973802088469973,142,4,0,148
-0.3611326385196935,1.2555680831046572,35,48,1,1218
0.13250190334175807,0.12909393712882988,125,9,0,1476
-0.21044419942514514,1.5935103268974053,32,48,1,0
-1.1474838034498656,1.3682154977022398,128,42,0,1438
1.338009416098145,1.2555680831046572,22,53,1,1267
-0.48584031225311286,0.35438876632399535,78,33,0,52
1.2964401915203387,-0.6594379650542491,13,41,1,1997
-1.220229946461027,1.3682154977022398,150,45,1,544
1.2566030179666074,1.2555680831046572,2,43,1,1145
0.028578841897241934,-0.6594379650542491,134,56,1,1199
0.47718005713273653,0.24174135172641262,2,41,0,1186
1.2999042935684892,0.8049784247143262,22,43,1,1700
0.8409107721885429,0.12909393712882988,13,41,1,818
-0.9431017826089838,1.2555680831046572,195,45,1,309
1.7259888454910053,-1.6732646964324938,2,43,1,1693
-0.3195634139418871,-1.6732646964324938,1,9,1,1373
1.5354632328427258,-1.2226750380421627,11,49,1,1526
-1.2652632730869837,-0.7720853796518319,67,38,0,1329
-0.007794229608338709,1.5935103268974053,80,15,0,560
-1.383042742724102,0.5796835955191608,25,43,1,1455
-1.452324783687113,-1.4479698672373282,115,52,1,953
1.0037235684516181,-1.2226750380421627,22,41,1,964
-0.4685198020123602,0.5796835955191608,133,35,1,1596
-1.0366325379090484,-0.7720853796518319,161,23,1,92
-0.5152851796623924,-0.4341431358590837,50,50,1,1304
0.866891537549672,0.016446522531247166,13,49,0,1559
1.4644491408556397,-0.4341431358590837,13,49,0,1974
1.3778465896518763,-1.3353224526397456,22,41,1,1817
0.2243006076177473,0.35438876632399535,11,2,1,1742
-0.7525761699607043,-1.5606172818349109,186,29,1,887
0.7162030984551236,-0.7720853796518319,11,43,1,1688
0.03723909701761828,-0.7720853796518319,131,19,0,620
0.04416730111391935,-0.9973802088469973,173,0,1,88
0.7127389964069731,1.4808629122998225,105,53,0,337
1.551051692059403,1.5935103268974053,11,43,0,1450
1.0141158745960699,-1.2226750380421627,22,41,0,1967
0.18099933201586557,0.8049784247143262,105,22,0,1298
-1.376114538627801,1.3682154977022398,12,33,1,112
-1.672295263744672,0.917625839311909,34,38,0,1300
-0.3888454549048978,1.4808629122998225,171,29,0,1085
-0.8513030783329946,-1.2226750380421627,78,31,0,183
0.7820210373699839,-0.4341431358590837,13,41,1,1887
0.828786415020016,-0.9973802088469973,22,2,1,1963
1.6809555188650482,-1.5606172818349109,13,43,1,276
0.6763659249013925,0.35438876632399535,58,41,0,976
-1.5735683553723816,0.917625839311909,63,11,0,940
0.6296005472513602,-0.09620089206633556,11,22,0,1970
-0.17753522996771504,-0.9973802088469973,145,35,0,1188
-0.7543082209847796,-0.20884830666391827,63,52,0,1369
0.6399928533958118,-0.4341431358590837,13,53,1,1591
-0.38711340388082255,0.5796835955191608,54,10,0,1153
-1.3137607017610913,0.12909393712882988,68,23,1,1439
-1.7086683352502525,-0.8847327942494146,114,47,0,107
-1.1855889259795214,0.8049784247143262,1,32,1,744
-0.6919543841180699,0.12909393712882988,167,24,0,348
-1.0608812522461022,0.35438876632399535,146,44,0,556
0.5152851796623924,-0.9973802088469973,151,43,1,1646
-1.4436645285667364,1.5935103268974053,99,28,0,41
-0.27626213834000535,1.3682154977022398,103,3,0,793
-1.6965439780817257,1.5935103268974053,35,50,1,921
-0.6122800370106075,-0.5467905504566665,56,33,1,1275
1.459252987783414,0.12909393712882988,22,43,0,949
0.8807479457422741,1.2555680831046572,13,41,1,1753
0.267601883219629,1.4808629122998225,13,53,1,927
0.9153889662237795,1.4808629122998225,11,41,1,1910
-0.2918505975566828,-0.4341431358590837,174,18,0,317
0.4633236489401344,-0.4341431358590837,11,49,0,1978
1.0227761297164462,-1.2226750380421627,22,43,1,792
1.5579798961557043,-0.321495721261501,22,22,0,1863
-0.7577723230329301,-0.09620089206633556,120,15,1,966
1.6480465494076182,-0.9973802088469973,2,2,0,1570
-0.5429979960475968,-0.8847327942494146,140,19,1,1582
-0.07361216852319892,-0.5467905504566665,132,23,1,1367
-1.4038273550130054,0.6923310101167435,30,6,0,336
1.3968991509167041,-0.8847327942494146,11,49,0,397
-0.042435250089844084,1.5935103268974053,85,36,0,69
-0.5204813327346183,0.46703618092157806,192,21,0,1106
0.8651594865255967,-0.4341431358590837,13,53,0,1869
1.2219619974851021,-1.4479698672373282,105,41,0,682
-0.8478389762848441,1.706157741494988,86,42,0,150
0.14289420948620968,-0.09620089206633556,116,15,1,1371
-0.9101928131515538,-1.11002762344458,39,16,1,1017
1.0123838235719946,1.706157741494988,11,43,1,1947
-0.24854932195480106,-0.20884830666391827,42,47,0,1557
-0.43734288357900536,-0.20884830666391827,77,35,1,1287
-1.2947081404962635,-0.321495721261501,11,56,1,1194
-1.6948119270576505,-0.9973802088469973,5,55,0,35
0.5845672206254032,0.8049784247143262,105,53,0,1823
-0.9361735785126828,-0.321495721261501,19,9,0,1385
0.3195634139418871,-0.20884830666391827,11,53,1,1847
-1.253138915918457,-1.2226750380421627,119,6,1,169
-0.07707627057134946,0.5796835955191608,183,47,0,472
0.3732569956882204,0.46703618092157806,151,43,0,1900
-1.0643453542942527,0.6923310101167435,189,0,1,605
-0.3368839241826398,0.5796835955191608,39,29,1,1234
0.7577723230329301,0.8049784247143262,13,22,1,748
0.892872302910801,0.016446522531247166,11,53,1,1804
-1.1370914973054138,-0.09620089206633556,41,8,1,995
-0.39923776104934944,0.35438876632399535,129,17,0,1495
0.5759069655050268,0.917625839311909,2,49,1,1522
1.1873209770035966,-0.6594379650542491,22,49,1,1026
-1.5060183654334462,0.016446522531247166,94,54,0,960
1.1907850790517474,0.016446522531247166,22,41,0,355
-0.22256855659367203,-1.3353224526397456,157,13,0,839
0.21390830147329568,0.8049784247143262,2,43,1,1893
0.6867582310458441,-0.9973802088469973,105,2,0,1853
-1.5804965594686826,-1.4479698672373282,99,35,0,1523
0.8357146191163172,0.46703618092157806,105,41,0,1961
-1.1596081606183923,-0.09620089206633556,176,6,1,1428
0.4130941692419516,-1.3353224526397456,11,41,0,1682
-0.9240492213441559,-0.321495721261501,181,17,0,1169
-1.5216068246501235,-0.6594379650542491,181,50,0,889
1.105914578872059,0.46703618092157806,105,53,0,1836
0.07707627057134946,1.4808629122998225,87,56,0,250
1.2548709669425322,0.5796835955191608,58,2,0,446
0.16541087279918817,-0.09620089206633556,142,36,0,878
0.22603265864182256,1.0302732539094916,11,22,1,1630
0.5100890265901666,1.3682154977022398,58,2,0,769
-0.2416211178585,-0.6594379650542491,90,23,0,158
0.795877445562586,-0.09620089206633556,2,2,1,1954
0.2191044545455215,0.24174135172641262,22,53,0,379
