nurse_Id,dept_Id,FName,LName,Gender,conatct_No
-0.05455960725837097,-1.0763156017773161,37,36,0,1693
-1.3154927527851665,0.13031623878021345,22,41,1,1016
-0.312635209845586,0.8981728645895504,79,1,1,1962
-0.5326056899031452,0.2400100424672616,79,18,0,1323
-1.0037235684516181,1.5563356867118392,130,37,1,76
0.14809036255843547,0.45939764984135784,65,34,0,665
1.7294529475391558,-1.1860094054643642,72,1,1,1620
-1.098986374775758,0.7884790609025023,13,13,0,23
0.03897114804169355,0.6787852572154541,26,36,1,315
0.41655827129010214,-0.6375403870291235,65,34,1,304
-0.7127389964069731,-1.6247846202125567,9,36,0,1277
-0.4563954448438333,-0.7472341907161717,65,36,1,869
1.318956854833317,0.7884790609025023,37,1,1,900
-0.10132498490840322,-0.8569279944032198,37,34,0,787
-1.6082093758538871,-1.2957032091514122,110,17,0,1329
0.705810792310672,-1.1860094054643642,65,36,1,360
-1.2825837833277365,0.13031623878021345,7,20,0,1161
-1.6428503963353924,-1.4053970128384605,142,43,0,521
-1.3882388957963279,-0.41815277965502723,6,38,0,873
1.3657222324833493,1.5563356867118392,9,18,1,1397
-0.6053518329143064,0.6787852572154541,26,34,0,537
-1.1561440585702418,0.569091453528406,84,17,1,1006
0.6226723431550591,-0.3084589759679791,79,1,1,159
-0.7040787412865968,1.0078666682765987,26,18,1,1242
0.6780979759254677,-1.0763156017773161,79,34,1,244
1.3865068447722526,-1.6247846202125567,26,34,0,613
0.544730047071672,1.1175604719636467,72,18,0,395
0.19312368918439246,0.02062243509316531,79,1,0,291
0.011258331656489247,-1.4053970128384605,37,34,0,1174
0.5655146593605752,-0.19876517228093096,65,36,1,570
-0.9933312623071666,1.5563356867118392,104,39,0,729
0.9673504969460376,0.02062243509316531,72,34,0,1696
0.5083569755660914,0.2400100424672616,57,36,0,1663
-0.7092748943588225,1.2272542756506948,37,34,0,1454
1.6584388555520697,0.569091453528406,65,34,1,1930
1.6913478250095,1.1175604719636467,65,18,0,1553
0.2294967606899731,-0.8569279944032198,65,34,0,609
-0.025114739849091395,-0.3084589759679791,9,1,1,1385
-1.0418286909812742,1.336948079337743,97,31,0,45
0.8859440988145,1.336948079337743,9,1,1,1667
-0.976010752066414,1.5563356867118392,27,43,1,209
-1.3986312019407794,-0.5278465833420753,128,8,1,60
0.7543082209847796,1.6660294903988875,57,18,1,1308
-0.6677056697810161,0.13031623878021345,37,34,0,675
0.8547671803811451,-0.7472341907161717,65,36,1,977
-0.7335236086958763,-0.3084589759679791,72,36,0,1797
-0.023382688825016127,-0.08907136859388283,65,18,0,438
0.7491120679125537,1.4466418830247911,79,36,1,1513
-0.5083569755660914,-0.41815277965502723,57,36,0,947
0.44773518972345694,1.336948079337743,65,1,1,1993
-1.4869658041686182,-0.8569279944032198,37,13,0,66
0.6192082411069085,-0.7472341907161717,79,34,0,1833
-1.7277208965150805,-1.6247846202125567,12,7,0,735
0.38364930183267204,1.6660294903988875,57,34,1,757
1.5060183654334462,-0.3084589759679791,9,34,0,1492
1.0782017624868547,0.7884790609025023,37,34,1,98
-1.144019701401715,0.569091453528406,105,39,1,1155
1.3328132630259193,-1.5150908165255086,72,34,0,139
0.9292453744163817,-0.8569279944032198,79,18,1,1618
-0.8946043539348763,1.6660294903988875,59,42,0,376
-1.272191477183285,0.13031623878021345,59,23,0,366
-1.07993381351093,0.8981728645895504,26,37,0,899
-0.44773518972345694,-0.08907136859388283,65,18,1,1959
0.023382688825016127,-0.08907136859388283,9,36,0,1224
-0.9708145989941881,1.5563356867118392,105,19,1,296
-1.2617991710388332,0.13031623878021345,139,10,0,840
-1.4124876101333816,-0.6375403870291235,130,29,1,330
-0.10478908695655376,-0.6375403870291235,9,1,0,1292
-1.3085645486888655,0.13031623878021345,73,35,1,134
-0.11864549514915591,-1.2957032091514122,26,34,1,1933
-0.9604222928497365,1.5563356867118392,56,20,1,65
-0.6988825882143709,-0.08907136859388283,65,1,0,314
-0.3160993118937365,-0.41815277965502723,37,18,0,1023
0.4719839040605107,1.5563356867118392,26,1,0,125
1.1717325177869193,-1.1860094054643642,26,36,1,372
-0.8894082008626505,1.6660294903988875,15,0,1,34
-0.5533903021920483,-1.1860094054643642,72,18,1,1525
-1.0123838235719946,1.5563356867118392,39,41,1,71
-1.2583350689906827,0.13031623878021345,136,29,0,1366
0.8166620578514892,-1.2957032091514122,9,1,1,1935
1.4367363244704354,-0.6375403870291235,79,1,1,1866
0.7872171904422096,-0.7472341907161717,26,1,0,607
-1.298172242544414,0.13031623878021345,69,23,0,346
-1.0158479256201451,1.4466418830247911,3,21,0,150
0.6677056697810161,-0.9666217980902679,65,34,0,1647
0.5326056899031452,-0.9666217980902679,37,1,0,1766
-0.49276851634941393,-0.08907136859388283,26,1,1,661
-1.1942491810998979,0.3497038461543097,16,28,1,409
-0.12730575026953225,0.45939764984135784,37,1,1,173
-1.0712735583905537,1.0078666682765987,114,21,1,432
0.9794748541145645,-0.41815277965502723,9,1,1,1137
-0.9950633133312419,1.5563356867118392,122,20,0,138
1.5146786205538225,0.7884790609025023,79,34,1,1680
-0.8097338537551881,-0.6375403870291235,37,34,0,780
-0.42868262845862903,-0.8569279944032198,79,18,0,1792
-0.4061659651456505,-0.41815277965502723,9,36,0,1655
0.6174761900828333,0.3497038461543097,57,36,1,1880
-1.0245081807405214,1.4466418830247911,116,2,1,808
1.0643453542942527,0.8981728645895504,57,36,0,1447
-0.5291415878549945,-1.4053970128384605,72,36,0,716
1.279119681279586,-0.5278465833420753,72,36,0,181
-0.7820210373699839,-1.1860094054643642,65,18,0,731
-0.10998524002877956,0.6787852572154541,9,1,0,1804
0.6746338738773172,1.1175604719636467,9,18,0,1457
1.0522209971257257,-0.9666217980902679,79,1,0,208
1.627261937118715,-0.3084589759679791,57,18,0,1070
0.8339825680922419,-0.19876517228093096,26,36,1,540
-1.4159517121815322,-0.6375403870291235,23,44,0,1172
1.6289939881427902,-0.08907136859388283,9,1,1,1679
0.27799418936408066,-1.2957032091514122,79,18,0,1386
-1.4367363244704354,-0.7472341907161717,78,45,0,417
-1.2254260995332527,0.2400100424672616,92,14,1,1191
-0.7595043740570053,0.8981728645895504,9,18,0,434
0.7906812924903601,-1.6247846202125567,79,34,1,1976
1.518142722601973,0.2400100424672616,37,18,0,1001
1.1284312421850375,0.6787852572154541,57,1,1,726
-0.26067367912332795,-0.8569279944032198,26,18,1,722
-1.260067120014758,0.13031623878021345,48,42,0,148
0.9517620377293602,0.6787852572154541,37,34,1,800
0.05975576033059677,-0.7472341907161717,72,34,0,1586
1.2877799363999622,-1.0763156017773161,37,18,0,1260
-1.0885940686313065,0.7884790609025023,137,41,1,1264
1.1596081606183923,-1.4053970128384605,26,36,1,506
-0.48237621020496235,0.2400100424672616,26,18,1,502
-0.46159159791605914,-1.2957032091514122,79,1,0,753
-0.3853813528567473,-0.8569279944032198,79,36,0,1450
-0.8339825680922419,1.2272542756506948,26,1,1,1192
-1.1526799565220913,0.569091453528406,96,26,0,806
-0.267601883219629,-1.0763156017773161,26,36,0,1582
0.4356108325549301,-0.7472341907161717,57,34,0,1929
0.09093267876395161,-0.3084589759679791,37,34,0,1809
1.5995491207335106,0.45939764984135784,79,18,0,897
-1.705204233202102,-1.6247846202125567,126,4,1,382
-0.5066249245420161,1.4466418830247911,57,36,1,1231
-0.17233907689548925,-1.2957032091514122,9,1,0,512
1.6965439780817257,-1.0763156017773161,57,1,1,975
0.9915992112830914,1.6660294903988875,37,18,1,1267
-0.16714292382326343,-0.7472341907161717,65,36,0,861
-0.9257812723682312,1.5563356867118392,105,10,1,421
1.6930798760335752,0.7884790609025023,26,36,0,1181
-1.3865068447722526,-0.41815277965502723,40,41,1,1033
0.357668536471543,1.5563356867118392,57,1,0,1307
0.09612883183617742,-0.5278465833420753,26,36,0,1506
0.22776470966589785,-0.19876517228093096,26,34,0,1542
0.6573133636365645,-1.2957032091514122,72,1,1,387
-0.002598076536112903,1.1175604719636467,65,18,1,1520
-0.4719839040605107,-0.5278465833420753,79,36,1,1465
1.3362773650740698,-0.5278465833420753,9,34,1,536
1.5753004063964569,-0.8569279944032198,26,36,1,1969
1.4228799162778332,1.336948079337743,79,36,1,479
-0.7491120679125537,1.1175604719636467,65,18,1,583
-1.6567068045279945,-1.5150908165255086,40,41,1,889
-1.2566030179666074,0.13031623878021345,53,28,1,0
0.16714292382326343,-0.5278465833420753,37,36,0,482
-1.556247845131629,-0.9666217980902679,77,6,0,1206
0.4009698120734247,-0.41815277965502723,79,36,1,1203
1.2496748138703064,0.7884790609025023,57,1,1,278
1.4419324775426612,-0.8569279944032198,57,36,0,799
-1.5458555389871773,-0.9666217980902679,62,15,1,1350
1.0695415073664785,-1.6247846202125567,26,18,0,1050
-0.8703556395978226,1.6660294903988875,123,19,1,1319
1.698276029105801,1.5563356867118392,37,36,0,324
-0.20524804635291935,-0.19876517228093096,65,34,1,1994
-0.42175442436232796,-0.7472341907161717,65,18,1,300
-0.6590454146606397,1.0078666682765987,9,1,1,1419
0.1844634340640161,0.7884790609025023,72,34,1,1791
1.620333733022414,-0.5278465833420753,57,34,1,523
-0.32995572008633867,1.336948079337743,9,1,0,465
0.06495191340282258,-1.0763156017773161,57,18,1,1741
-1.6064773248298116,-1.2957032091514122,46,7,0,43
0.4910364653253387,-0.19876517228093096,79,34,1,668
0.47025185303643546,-0.7472341907161717,37,36,0,1863
0.5793710675531774,-0.5278465833420753,65,1,0,918
0.7941453945385107,-0.9666217980902679,57,34,1,1838
-0.8980684559830269,1.6660294903988875,93,11,0,110
0.11864549514915591,0.6787852572154541,9,1,0,968
-0.8547671803811451,-1.0763156017773161,79,18,0,1987
0.4113621182178763,1.336948079337743,26,1,0,111
1.492161957240844,-1.6247846202125567,79,1,0,219
1.7138644883224785,-0.5278465833420753,9,18,0,1944
0.8253223129718655,1.6660294903988875,37,18,1,1125
1.5008222123612203,0.13031623878021345,9,36,1,1249
0.7889492414662849,-0.8569279944032198,9,34,0,352
-1.1925171300758226,0.3497038461543097,11,40,1,841
-0.06495191340282258,-0.6375403870291235,57,18,1,237
-1.0297043338127472,1.4466418830247911,61,26,1,48
0.5724428634568763,-1.1860094054643642,9,34,1,1751
1.124967140136887,-0.3084589759679791,26,18,1,945
-1.1959812321239731,0.3497038461543097,109,14,0,811
-1.3397414671222203,-0.08907136859388283,116,14,1,1157
1.485233753144543,-0.7472341907161717,9,18,0,508
-0.5014287714697903,-1.0763156017773161,72,34,1,1555
1.634190141215016,0.02062243509316531,65,18,1,295
0.6642415677328656,1.6660294903988875,79,18,0,254
1.3605260794111236,-0.8569279944032198,72,1,1,1194
-1.4748414470000912,-0.8569279944032198,31,16,0,1009
0.9604222928497365,0.6787852572154541,79,36,0,1847
1.6567068045279945,1.6660294903988875,65,34,0,1597
-0.1290378012936075,0.3497038461543097,72,18,1,1435
-0.09959293388432795,0.6787852572154541,72,1,1,196
-0.2831903424363064,-0.19876517228093096,79,34,0,229
-0.7352556597199515,1.6660294903988875,79,18,1,500
-0.7664325781533065,-0.9666217980902679,26,18,1,690
0.40789801616972576,-1.4053970128384605,65,36,0,1036
0.6244043941791344,-1.0763156017773161,57,36,0,643
0.6018877308661559,1.6660294903988875,65,18,0,1897
0.2797262403881559,1.1175604719636467,26,18,0,663
0.7664325781533065,0.3497038461543097,65,1,1,1626
-1.2358184056777042,0.13031623878021345,7,7,0,559
1.0470248440535,0.13031623878021345,57,18,1,1423
0.09959293388432795,0.8981728645895504,57,34,1,1425
-0.6954184861662204,-0.8569279944032198,72,36,0,942
-0.11691344412508065,1.1175604719636467,9,36,1,511
0.7993415476107365,-1.2957032091514122,57,18,1,312
1.1041825278479838,0.3497038461543097,9,18,1,1764
1.0175799766442204,-1.0763156017773161,65,36,0,854
0.07014806647504838,1.4466418830247911,79,18,0,640
0.39923776104934944,0.02062243509316531,37,34,1,1488
-0.3351518731585645,1.336948079337743,65,34,0,1989
-0.16541087279918817,1.4466418830247911,79,18,1,319
1.176928670859145,1.4466418830247911,37,34,0,1208
0.35420443442339244,1.336948079337743,57,1,1,1253
-0.4027018630975,1.5563356867118392,9,1,1,1169
-0.6763659249013925,-1.5150908165255086,9,18,0,836
1.7190606413947043,-1.0763156017773161,79,36,1,1124
0.9777428030904892,-1.2957032091514122,65,18,0,581
0.731791557671801,-0.3084589759679791,79,18,0,515
0.018186535752790323,0.02062243509316531,65,36,0,721
-0.8772838436941236,1.6660294903988875,2,43,1,940
0.5551223532161236,-1.0763156017773161,65,1,1,419
-1.2514068648943817,0.13031623878021345,42,25,0,2
1.466181191879715,-1.0763156017773161,37,36,0,1142
-1.1111107319442848,0.569091453528406,132,14,1,1163
0.1913916381603172,-0.9666217980902679,79,34,1,301
-1.3224209568814678,0.02062243509316531,61,44,1,185
-0.776824884297758,-0.6375403870291235,72,36,0,1981
1.5025542633852955,0.02062243509316531,37,34,0,1936
1.4072914570611559,-1.1860094054643642,37,36,0,1291
-1.370918385555575,-0.3084589759679791,142,32,0,565
0.6694377208050913,1.336948079337743,57,18,1,1816
0.9708145989941881,0.13031623878021345,37,34,1,384
-1.6307260391668654,-1.4053970128384605,23,35,0,1136
-0.6382608023717365,1.0078666682765987,72,18,0,1483
1.665367059648371,0.3497038461543097,65,18,1,131
1.4886978551926935,0.02062243509316531,65,34,0,1336
1.414219661157457,1.2272542756506948,57,18,0,630
-1.1024504768239085,0.6787852572154541,36,27,0,52
-0.8564992314052204,1.5563356867118392,57,36,0,1884
0.286654444484457,-1.6247846202125567,57,36,1,637
0.21044419942514514,-0.6375403870291235,26,34,0,411
1.0903261196553817,1.2272542756506948,37,1,0,580
0.37498904671229566,1.6660294903988875,65,1,1,1895
0.2624057301474032,1.5563356867118392,79,34,1,1864
0.21564035249737096,-1.0763156017773161,57,1,0,217
1.0297043338127472,-1.5150908165255086,79,18,1,1710
-1.5268029777223493,-0.9666217980902679,45,29,0,230
0.43214673050677954,0.45939764984135784,26,18,0,1882
1.7207926924187795,0.13031623878021345,65,1,0,736
-0.8270543639959408,1.1175604719636467,37,18,1,1737
-0.8426428232126182,0.569091453528406,72,1,1,1079
-1.5908888656131344,-1.1860094054643642,123,23,1,429
-0.1463583115343602,1.0078666682765987,79,1,0,1906
0.03204294394539247,0.6787852572154541,79,36,1,1603
-1.073005609414629,1.0078666682765987,64,2,0,1185
0.05109550521022043,0.45939764984135784,65,36,0,582
1.1925171300758226,-1.0763156017773161,79,34,1,957
-1.5856927125409086,-1.1860094054643642,60,7,0,374
1.1734645688109946,-0.8569279944032198,79,34,0,1889
-1.1613402116424676,0.569091453528406,89,26,0,1269
-1.7207926924187795,-1.6247846202125567,87,42,1,971
-0.44080698562715587,0.569091453528406,9,34,0,1020
0.9586902418256612,0.569091453528406,37,36,1,649
-0.14809036255843547,-0.8569279944032198,26,34,1,1051
-0.2191044545455215,0.02062243509316531,72,18,1,902
-0.9500299867052849,1.5563356867118392,92,10,1,326
-0.8824799967663495,1.6660294903988875,15,40,1,653
0.8322505170681667,-0.9666217980902679,57,18,0,961
-1.234086354653629,0.13031623878021345,118,5,0,14
-0.08920062773987635,-0.19876517228093096,9,34,1,141
1.7069362842261773,0.3497038461543097,9,18,0,336
0.6382608023717365,0.7884790609025023,26,34,0,95
0.2537454750270269,-0.8569279944032198,72,34,1,719
-0.5100890265901666,-0.5278465833420753,26,18,0,202
1.2583350689906827,-0.08907136859388283,9,18,0,1977
1.215033793388801,1.1175604719636467,26,18,1,327
1.0885940686313065,0.02062243509316531,9,18,0,1550
1.0383645889331237,1.4466418830247911,65,36,1,612
0.9327094764645322,-1.1860094054643642,72,34,1,493
0.7023466902625215,-0.8569279944032198,26,36,1,414
1.1266991911609623,-1.2957032091514122,79,1,1,763
-1.1648043136906183,0.569091453528406,126,36,1,660
-0.9656184459219623,1.5563356867118392,118,37,0,553
-0.3905775059289731,0.02062243509316531,37,34,1,821
0.151554464606586,-0.9666217980902679,57,34,1,1025
0.38191725080859673,-1.5150908165255086,37,36,1,1631
1.1007184257998333,0.3497038461543097,57,36,0,1965
-1.4246119673019084,-0.6375403870291235,86,6,1,761
0.5585864552642742,0.6787852572154541,37,18,0,1802
-0.5118210776142419,-0.6375403870291235,65,1,1,1666
-1.582228610492758,-1.1860094054643642,66,3,0,9
1.5302670797705,0.02062243509316531,57,34,0,658
1.6411183453113172,-0.3084589759679791,79,34,1,1872
-0.9396376805608333,1.5563356867118392,128,23,1,1286
1.4350042734463602,1.336948079337743,65,18,1,1805
-1.6376542432631667,-1.4053970128384605,13,37,0,232
0.8686235885737472,-0.41815277965502723,79,18,0,929
-0.6174761900828333,-0.5278465833420753,72,36,0,911
-0.5585864552642742,1.2272542756506948,57,1,0,998
-1.3484017222425968,-0.08907136859388283,116,33,1,745
-1.5354632328427258,-0.9666217980902679,1,19,1,445
-0.030310892921317202,-0.6375403870291235,37,34,1,1528
0.39577365900119893,1.1175604719636467,72,34,0,1867
-0.0008660255120376344,0.569091453528406,9,1,0,268
-1.4298081203741344,-0.6375403870291235,113,22,0,127
-0.3784531487604462,1.4466418830247911,79,34,0,205
-0.7110069453828978,0.3497038461543097,79,1,1,1496
0.9690825479701128,0.02062243509316531,57,1,1,1646
-1.7000080801298763,-1.6247846202125567,21,6,1,863
-0.9985274153793924,1.5563356867118392,112,24,0,26
0.5949595267698549,-0.19876517228093096,79,34,0,901
-1.2375504567017794,0.13031623878021345,37,8,0,210
1.0106517725479194,0.2400100424672616,26,36,0,997
-0.9898671602590161,1.5563356867118392,55,40,0,1373
0.8824799967663495,0.3497038461543097,57,34,1,686
0.5516582511679731,0.3497038461543097,72,36,1,1843
-0.5724428634568763,-1.0763156017773161,26,18,1,1721
-1.6774914168168977,-1.5150908165255086,20,41,0,926
-0.10305703593247849,-0.7472341907161717,65,36,0,145
-0.4806441591808871,-0.19876517228093096,9,1,0,951
-0.009526280632413979,-1.0763156017773161,37,34,0,266
-1.3605260794111236,-0.19876517228093096,74,26,0,1196
-0.3230275159900376,-1.6247846202125567,72,1,0,1463
-1.1665363647146936,0.569091453528406,137,39,1,132
-0.7612364250810806,-0.8569279944032198,9,1,1,1629
0.19485574020846774,0.02062243509316531,26,1,1,1633
-0.518749281710543,-0.08907136859388283,72,36,1,343
1.0019915174275429,-0.19876517228093096,26,18,0,1014
0.3282236690622634,-0.6375403870291235,72,34,1,1901
-1.1405555993535645,0.569091453528406,82,38,1,972
-0.641724904419887,-1.1860094054643642,37,18,0,856
-1.4765734980241665,-0.8569279944032198,33,27,1,928
0.5360697919512957,-0.9666217980902679,57,18,1,1559
-1.1076466298961343,0.6787852572154541,25,24,0,1195
-1.5874247635649839,-1.1860094054643642,18,13,1,1138
-1.6480465494076182,-1.5150908165255086,47,35,1,958
-0.9205851192960053,1.5563356867118392,142,32,0,31
-1.4627170898315645,-0.8569279944032198,7,24,0,347
-0.3940416079771236,-0.3084589759679791,9,1,1,170
0.41482622026602683,-1.5150908165255086,9,18,0,328
0.3472762303270914,1.2272542756506948,65,34,0,1678
0.6971505371902956,-0.19876517228093096,57,34,1,1229
0.35074033237524194,-0.9666217980902679,9,36,0,732
1.092058170679457,-0.5278465833420753,65,34,1,297
-0.8651594865255967,-1.4053970128384605,26,34,0,1081
1.324153007905543,-1.2957032091514122,72,1,1,1952
-1.421147865253758,-0.6375403870291235,128,6,1,379
0.08227242364357526,-1.5150908165255086,57,1,0,1752
1.3085645486888655,0.7884790609025023,72,18,0,404
-0.0857365256917258,-0.08907136859388283,79,36,0,1005
0.5481941491198226,-0.6375403870291235,57,1,1,1934
1.073005609414629,-0.19876517228093096,65,34,1,605
-0.8166620578514892,1.0078666682765987,26,36,1,1508
-1.131895344233188,0.569091453528406,106,19,0,359
0.6711697718291666,-0.8569279944032198,57,36,0,1744
1.6636350086242957,0.2400100424672616,26,36,0,1826
0.08746857671580108,0.6787852572154541,37,34,0,403
1.6844196209131987,1.2272542756506948,26,34,1,1735
0.7647005271292311,-0.08907136859388283,57,36,0,1998
-0.6902223330939946,1.2272542756506948,57,1,0,908
0.48757236327718817,0.02062243509316531,57,36,0,1747
-1.3102965997129408,0.13031623878021345,88,27,0,1265
0.582835169601328,-0.5278465833420753,65,36,0,1701
0.11691344412508065,-1.0763156017773161,57,18,1,1062
0.8235902619477903,1.336948079337743,79,36,1,497
-1.1907850790517474,0.3497038461543097,100,41,1,103
-0.9777428030904892,1.5563356867118392,101,8,1,161
1.556247845131629,0.2400100424672616,37,36,1,531
0.5689787614087258,1.6660294903988875,26,34,0,773
-1.1977132831480484,0.3497038461543097,62,41,1,1197
-0.9864030582108655,1.5563356867118392,11,15,1,1330
-0.5880313226735537,1.6660294903988875,57,18,0,1842
-1.0903261196553817,0.7884790609025023,63,20,0,362
-0.750844118936629,-0.7472341907161717,37,34,0,1031
-0.035507045993543006,1.4466418830247911,79,18,0,1052
-1.4176837632056074,-0.6375403870291235,29,17,0,70
0.6278684962272849,0.2400100424672616,72,34,0,436
-0.6555813126124892,1.336948079337743,9,34,1,201
-0.31436726086966127,0.6787852572154541,26,36,1,101
0.33341982213448923,-1.5150908165255086,9,34,1,913
-0.08227242364357526,0.45939764984135784,26,18,1,1359
0.7300595066477258,-0.9666217980902679,72,18,1,1252
1.4557888857352634,-1.2957032091514122,79,18,0,475
-0.13423395436583332,1.5563356867118392,9,34,0,264
0.12730575026953225,-0.9666217980902679,9,18,0,431
-1.2184978954369516,0.2400100424672616,32,40,0,1289
-0.0580237093065215,0.2400100424672616,26,34,0,1106
-0.9327094764645322,1.5563356867118392,119,38,1,987
0.5239454347827688,-1.6247846202125567,72,36,0,1636
0.30570700574928494,0.8981728645895504,26,34,0,1975
-1.0782017624868547,0.8981728645895504,96,38,0,492
-0.3490082813511666,1.2272542756506948,37,18,0,525
0.17753522996771504,1.4466418830247911,26,1,0,391
-1.5493196410353278,-0.9666217980902679,57,38,0,263
-1.5129465695297473,-0.9666217980902679,82,23,0,339
1.72425679446693,-0.08907136859388283,57,18,1,1898
-0.2797262403881559,0.6787852572154541,72,1,0,844
-1.1163068850165108,0.569091453528406,62,30,1,1103
1.0678094563424032,1.5563356867118392,37,36,0,1150
-0.5499262001438978,-0.3084589759679791,57,36,1,670
-0.3247595670141129,0.13031623878021345,65,18,1,1637
1.1786607218832204,0.3497038461543097,72,18,0,369
-1.3691863345314998,-0.3084589759679791,17,39,0,123
0.8530351293570698,0.569091453528406,37,36,0,1285
-1.4886978551926935,-0.8569279944032198,139,40,0,276
1.6878837229613495,1.4466418830247911,37,1,1,1837
0.5880313226735537,-0.5278465833420753,26,18,0,486
1.3813106917000268,-0.7472341907161717,57,18,0,1861
0.9950633133312419,0.13031623878021345,26,1,0,1221
0.31436726086966127,0.3497038461543097,79,36,0,1090
0.6815620779736182,-0.3084589759679791,9,18,1,100
1.4124876101333816,0.8981728645895504,57,18,0,255
-0.499696720445715,-0.19876517228093096,9,36,0,1798
1.3743824876037258,1.1175604719636467,57,18,1,1268
-0.1861954850880914,-0.8569279944032198,9,36,0,562
-0.24335316888257524,-0.6375403870291235,65,18,1,1441
-1.7138644883224785,-1.6247846202125567,54,5,1,75
1.2029094362202741,1.4466418830247911,37,18,1,1605
0.7404518127921774,-1.2957032091514122,79,1,1,1852
-1.2427466097740054,0.13031623878021345,127,31,0,1371
-0.3282236690622634,1.0078666682765987,65,34,0,1207
0.5914954247217042,-0.08907136859388283,79,18,1,936
-1.227158150557328,0.2400100424672616,121,43,0,1035
-0.42521852641047847,-1.5150908165255086,79,36,1,1305
-0.6469210574921128,-1.6247846202125567,26,18,0,574
-0.09786088286025268,-0.41815277965502723,26,36,1,1407
-0.2398890668344247,-1.6247846202125567,72,18,1,814
-1.5077504164575215,-0.9666217980902679,144,9,0,1363
0.3039749547252097,-1.4053970128384605,37,18,1,313
-1.1717325177869193,0.569091453528406,138,16,0,979
0.15675061767881182,0.45939764984135784,65,34,1,1708
-0.27106598526777953,-1.5150908165255086,57,18,0,211
-0.06321986237874731,0.45939764984135784,57,18,1,1080
1.4973581103130698,-1.1860094054643642,57,36,1,1775
-0.23296086273812364,0.6787852572154541,26,1,1,1162
-0.1359660053899086,-0.7472341907161717,9,34,0,1504
-0.5274095368309193,0.02062243509316531,57,34,1,1360
-1.3587940283870483,-0.19876517228093096,33,45,1,1216
1.3518658242907473,1.2272542756506948,72,36,1,1490
0.45293134279568276,0.2400100424672616,57,36,0,1318
-1.4575209367593387,-0.8569279944032198,138,29,0,803
0.10132498490840322,-1.4053970128384605,37,34,1,604
-0.01991858677686559,-0.8569279944032198,9,34,1,397
-0.2745300873159301,1.1175604719636467,57,34,0,1082
-0.6330646492995107,0.45939764984135784,26,18,1,1449
-0.8374466701403924,-1.5150908165255086,57,1,0,1750
0.7421838638162527,-0.6375403870291235,57,18,1,679
1.2947081404962635,-0.08907136859388283,65,1,0,247
-0.6971505371902956,1.4466418830247911,72,18,0,1755
-1.3934350488685536,-0.41815277965502723,68,17,1,36
1.357061977362973,0.7884790609025023,57,34,1,1432
-0.22603265864182256,0.2400100424672616,37,34,0,424
-1.021044078692371,1.4466418830247911,134,10,0,22
-1.5649081002520053,-1.1860094054643642,58,29,0,934
0.0008660255120376344,1.336948079337743,37,34,0,1583
0.8755517926700483,1.0078666682765987,57,18,1,1209
-1.4609850388074892,-0.8569279944032198,68,6,1,519
-1.0054556194756934,1.5563356867118392,110,27,0,1131
1.3899709468204031,-1.2957032091514122,79,34,0,1892
-0.9049966600793279,1.6660294903988875,69,2,0,989
1.4817696510963925,-1.4053970128384605,9,36,0,626
-0.5741749144809516,0.2400100424672616,57,36,0,367
0.7231313025514247,1.1175604719636467,37,1,1,610
1.5094824674815968,-1.2957032091514122,37,18,0,1926
0.518749281710543,0.6787852572154541,72,34,0,1924
-0.956958190801586,1.5563356867118392,84,35,0,499
-0.7733607822496075,-0.6375403870291235,57,1,0,1533
-1.4228799162778332,-0.6375403870291235,57,21,0,88
-1.0556850991738762,1.2272542756506948,132,33,1,754
-0.7300595066477258,-0.9666217980902679,65,34,0,938
0.8270543639959408,-0.5278465833420753,57,18,0,1920
1.2236940485091774,0.02062243509316531,65,1,0,618
0.49796466942163975,1.0078666682765987,79,1,0,1096
1.1163068850165108,0.8981728645895504,37,18,1,1484
0.040703199065768816,0.2400100424672616,57,1,0,189
-0.31090315882151076,0.8981728645895504,37,1,0,1064
1.4280760693500592,1.1175604719636467,65,36,0,1799
-0.026846790873166666,1.4466418830247911,79,18,1,1979
0.5862992716494785,1.5563356867118392,65,36,0,514
-0.5811031185772526,0.13031623878021345,26,1,0,1873
-1.485233753144543,-0.8569279944032198,12,35,0,443
0.8946043539348763,-1.5150908165255086,72,34,0,1281
0.7439159148403279,0.6787852572154541,65,34,1,1724
-0.23469291376219892,-0.19876517228093096,9,36,0,1881
-1.0019915174275429,1.5563356867118392,27,38,1,420
-0.6296005472513602,-0.7472341907161717,9,34,1,1581
0.7040787412865968,1.6660294903988875,37,1,0,1571
-0.3472762303270914,0.02062243509316531,57,36,0,1685
0.6988825882143709,0.3497038461543097,26,1,1,1549
-0.6659736187569408,0.7884790609025023,9,34,1,1098
-1.2219619974851021,0.2400100424672616,31,22,0,1007
-0.13250190334175807,-0.3084589759679791,65,18,0,1188
0.46505569996420965,0.6787852572154541,72,1,1,452
1.56317604922793,-0.8569279944032198,26,18,1,378
-1.5787645084446074,-1.1860094054643642,54,6,1,1
-1.660170906576145,-1.5150908165255086,108,6,0,992
1.3882388957963279,-0.7472341907161717,79,18,1,718
1.6168696309742634,-0.19876517228093096,79,18,0,699
-1.504286314409371,-0.9666217980902679,55,31,0,906
0.002598076536112903,1.336948079337743,72,36,0,494
0.27279803629185484,0.7884790609025023,72,18,1,113
0.1636788217751129,0.3497038461543097,26,1,0,510
1.4800376000723172,0.2400100424672616,9,34,0,1960
0.5966915777939301,0.6787852572154541,57,36,0,1232
0.8634274355015215,0.45939764984135784,65,1,1,1578
-1.447128630614887,-0.7472341907161717,103,16,0,914
-0.47718005713273653,0.13031623878021345,65,1,1,864
-1.2288902015814032,0.2400100424672616,93,0,0,1151
0.3611326385196935,-1.5150908165255086,9,1,1,907
1.0193120276682957,-0.41815277965502723,26,1,0,798
1.5527837430834783,0.45939764984135784,26,36,1,121
1.1111107319442848,0.02062243509316531,72,1,1,386
0.6261364452032097,1.2272542756506948,79,34,0,1132
-0.38364930183267204,1.6660294903988875,37,34,1,949
-0.27799418936408066,-0.41815277965502723,65,1,0,1913
-1.1284312421850375,0.569091453528406,119,8,1,273
1.6359221922390914,1.4466418830247911,72,34,0,1558
-0.7421838638162527,-1.1860094054643642,65,34,0,892
-0.14289420948620968,-0.41815277965502723,26,36,1,1746
-0.040703199065768816,-0.3084589759679791,26,36,0,1715
1.582228610492758,-1.4053970128384605,26,1,0,990
0.8114659047792634,1.1175604719636467,72,34,1,93
1.0245081807405214,0.569091453528406,9,18,1,1909
0.5499262001438978,1.336948079337743,72,34,1,1168
1.4627170898315645,0.2400100424672616,79,34,0,698
-1.4956260592889945,-0.9666217980902679,115,16,1,741
-0.937905629536758,1.5563356867118392,129,42,0,530
-1.0816658645350052,0.8981728645895504,45,37,0,338
0.5932274757457795,-0.08907136859388283,72,18,0,1551
-1.1544120075461666,0.569091453528406,4,10,1,696
0.27626213834000535,1.6660294903988875,26,34,0,1015
1.3172248038092418,1.336948079337743,26,18,1,1948
0.7924133435144355,0.02062243509316531,72,1,1,1858
-0.31783136291781183,1.5563356867118392,37,36,0,818
0.19831984225661828,-0.19876517228093096,65,1,0,504
0.009526280632413979,-0.9666217980902679,72,1,0,1814
1.4835017021204677,-0.08907136859388283,26,18,1,1690
1.653242702479844,0.8981728645895504,9,1,0,1604
1.473109395976016,-1.0763156017773161,65,36,1,1104
-0.15501856665473654,0.3497038461543097,26,18,1,1420
1.6099414268779624,0.569091453528406,72,36,0,1831
0.21737240352144624,-0.19876517228093096,9,1,1,759
-1.1630722626665428,0.569091453528406,21,25,1,6
0.42868262845862903,0.2400100424672616,37,18,1,1416
-1.1803927729072956,0.45939764984135784,24,19,1,1140
1.1942491810998979,0.7884790609025023,72,36,0,1060
0.6209402921309838,-1.0763156017773161,9,1,1,392
1.2687273751351344,-0.5278465833420753,72,18,1,1587
-1.4419324775426612,-0.7472341907161717,27,39,1,8
-1.7104003862743278,-1.6247846202125567,7,41,0,50
1.6047452738057364,1.2272542756506948,72,1,1,1401
-1.4350042734463602,-0.7472341907161717,28,38,0,964
-0.6070838839383816,1.5563356867118392,26,36,1,1919
0.10652113798062902,-0.9666217980902679,65,36,0,1941
-1.2808517323036612,0.13031623878021345,23,24,0,884
0.634796700323586,-0.8569279944032198,79,18,1,144
0.9500299867052849,0.13031623878021345,79,18,1,1590
-0.17060702587141396,-0.9666217980902679,9,1,1,935
-0.5672467103846505,-1.4053970128384605,9,36,0,1955
-1.2843158343518117,0.13031623878021345,53,38,1,190
-0.2693339342437043,0.6787852572154541,37,34,1,880
-0.2294967606899731,0.2400100424672616,72,36,1,1902
1.3847747937481774,-0.5278465833420753,37,36,1,283
-1.492161957240844,-0.9666217980902679,85,3,0,673
-0.1844634340640161,-1.4053970128384605,57,1,0,176
1.4505927326630375,-0.08907136859388283,37,1,0,1048
-0.7802889863459086,-1.1860094054643642,26,18,0,1029
-1.1786607218832204,0.569091453528406,95,27,0,1220
0.911924864175629,0.02062243509316531,72,1,1,1733
1.3951670998926289,-1.0763156017773161,65,36,1,1451
0.3074390567733602,-1.6247846202125567,9,34,1,1953
-0.7647005271292311,0.3497038461543097,26,36,1,588
-1.4904299062167687,-0.8569279944032198,30,35,1,943
1.272191477183285,-0.08907136859388283,26,18,0,186
-0.8114659047792634,0.6787852572154541,9,18,0,724
-1.3432055691703708,-0.08907136859388283,50,44,0,788
-0.4789121081568118,0.3497038461543097,9,34,0,112
-0.3697928936400699,-1.2957032091514122,37,18,0,1927
1.2427466097740054,-0.8569279944032198,26,18,0,1599
0.012990382680564516,-0.7472341907161717,9,36,0,1121
-1.0227761297164462,1.4466418830247911,29,33,0,298
-1.1682684157387688,0.569091453528406,132,24,1,460
1.3258850589296183,-0.41815277965502723,65,34,0,427
-1.2133017423647257,0.3497038461543097,38,21,1,28
0.45466339381975807,-0.5278465833420753,57,1,0,1947
1.6376542432631667,0.6787852572154541,26,36,0,1424
-1.6878837229613495,-1.6247846202125567,128,0,1,1069
1.4869658041686182,-0.41815277965502723,57,18,0,842
-0.49450056737348924,-1.2957032091514122,57,36,1,1170
0.016454484728715052,0.13031623878021345,37,1,1,1562
-1.3968991509167041,-0.5278465833420753,89,24,0,37
-0.9690825479701128,1.5563356867118392,68,23,1,27
-0.7387197617681022,0.02062243509316531,37,34,0,178
-0.09266472978802688,1.5563356867118392,72,1,1,809
-0.0043301275601881715,0.7884790609025023,37,1,1,1075
-0.859963333453371,-1.6247846202125567,72,36,1,1698
-0.6832941289976935,1.336948079337743,72,18,1,1598
1.24101455874993,-1.4053970128384605,9,34,1,1446
0.2831903424363064,-1.2957032091514122,37,36,1,388
1.3622581304351988,0.3497038461543097,72,34,1,1347
-0.26586983219555377,1.5563356867118392,26,34,1,383
-1.7259888454910053,-1.6247846202125567,122,2,0,639
0.4962326183975645,-1.4053970128384605,57,18,1,550
0.3853813528567473,-1.5150908165255086,37,34,1,978
-0.9223171703200806,1.5563356867118392,124,14,0,51
-1.1751966198350698,0.569091453528406,110,42,0,1335
-1.7225247434428548,-1.6247846202125567,44,29,0,1204
-1.3466696712185215,-0.08907136859388283,98,42,0,1000
0.6486531085161882,-0.8569279944032198,72,18,1,200
-0.7837530883940591,-0.8569279944032198,37,36,0,599
-1.3362773650740698,-0.08907136859388283,113,17,0,501
-1.6636350086242957,-1.5150908165255086,37,35,0,1382
-0.7924133435144355,-1.5150908165255086,72,18,1,1511
-1.312028650737016,0.13031623878021345,40,40,1,1279
-0.17580317894363978,-1.5150908165255086,37,34,0,960
0.23122881171404838,0.13031623878021345,9,36,1,282
0.776824884297758,1.6660294903988875,37,36,1,1480
1.504286314409371,1.2272542756506948,9,36,1,406
-0.27279803629185484,-1.0763156017773161,79,34,1,1545
0.7248633535754999,1.2272542756506948,26,34,0,1412
1.131895344233188,-0.9666217980902679,9,36,0,248
1.679223467840973,0.6787852572154541,9,34,1,1641
-0.5862992716494785,0.6787852572154541,72,36,0,623
0.3645967405678441,-0.41815277965502723,57,18,0,251
-1.1873209770035966,0.45939764984135784,124,35,0,4
-0.5343377409272204,0.45939764984135784,57,18,0,826
0.8720876906218978,1.0078666682765987,79,36,0,1468
-0.9967953643553171,1.5563356867118392,106,33,0,82
-0.7023466902625215,-1.0763156017773161,72,1,0,1215
1.6688311616965215,0.45939764984135784,57,18,1,1961
-0.6538492615884139,-0.08907136859388283,65,34,1,1954
0.2953146996048333,-1.0763156017773161,9,1,1,796
0.07534421954727419,0.7884790609025023,57,36,1,1107
-1.338009416098145,-0.08907136859388283,111,23,1,859
0.20351599532884407,0.6787852572154541,79,36,0,981
0.5741749144809516,0.3497038461543097,79,36,1,1431
0.5464620980957473,1.0078666682765987,65,1,1,250
-1.6168696309742634,-1.2957032091514122,11,20,1,1030
-1.6896157739854247,-1.6247846202125567,32,8,0,3
-1.4817696510963925,-0.8569279944032198,17,39,0,24
-0.802805649658887,-1.0763156017773161,9,34,1,1534
-0.32649161803818816,0.45939764984135784,72,36,1,1475
0.8080018027311129,1.4466418830247911,57,1,0,1019
-1.5839606615168333,-1.1860094054643642,2,5,1,1230
1.144019701401715,-0.19876517228093096,65,1,0,1439
1.118038936040586,-1.6247846202125567,79,18,0,462
1.3934350488685536,-0.7472341907161717,57,18,0,1584
1.4159517121815322,-1.5150908165255086,57,1,1,683
0.9985274153793924,0.8981728645895504,65,34,0,1505
0.2502813729788763,0.3497038461543097,65,18,1,1601
-1.1041825278479838,0.6787852572154541,37,30,0,1049
1.059149201222027,1.0078666682765987,37,36,0,275
1.499090161337145,1.1175604719636467,37,36,1,220
0.04589935213799462,-1.2957032091514122,72,18,0,1368
0.0528275562342957,-0.3084589759679791,9,36,0,1427
0.525677485806844,-0.19876517228093096,26,18,1,575
0.615744139058758,1.1175604719636467,37,18,1,1869
1.2652632730869837,-0.6375403870291235,9,18,0,207
-0.5793710675531774,1.5563356867118392,26,1,1,1228
-1.1007184257998333,0.7884790609025023,4,24,1,954
-1.5978170697094354,-1.2957032091514122,103,42,0,86
-1.6844196209131987,-1.6247846202125567,58,2,0,547
0.7560402720088548,-0.7472341907161717,72,34,0,1271
-0.821858210923715,0.569091453528406,9,36,1,669
1.4453965795908117,1.6660294903988875,65,36,0,467
-1.6359221922390914,-1.4053970128384605,140,18,0,771
-0.6261364452032097,1.1175604719636467,26,1,1,1627
-1.2081055892925,0.3497038461543097,23,16,0,471
-0.48757236327718817,0.3497038461543097,72,1,0,591
-0.6503851595402634,-1.2957032091514122,57,18,1,1888
-1.7190606413947043,-1.6247846202125567,14,27,1,54
-0.3403480262307903,1.5563356867118392,26,36,1,711
0.0857365256917258,-1.6247846202125567,72,36,1,1071
-1.1492158544739408,0.569091453528406,76,39,1,999
-1.6497786004316934,-1.5150908165255086,112,11,0,813
1.3224209568814678,-0.6375403870291235,72,1,1,1466
-1.5475875900112526,-0.9666217980902679,107,27,0,1083
-1.1266991911609623,0.569091453528406,29,4,0,767
0.13769805641398386,0.6787852572154541,65,18,0,1548
-1.318956854833317,0.02062243509316531,138,35,0,464
-1.3622581304351988,-0.3084589759679791,6,17,0,685
1.3432055691703708,0.45939764984135784,72,1,0,1266
0.2398890668344247,0.45939764984135784,57,18,0,651
-0.357668536471543,0.569091453528406,9,18,0,413
1.0158479256201451,-1.4053970128384605,79,1,0,1173
1.0089197215238441,0.13031623878021345,65,36,0,288
1.1630722626665428,-1.6247846202125567,79,34,1,1193
-0.8253223129718655,1.2272542756506948,57,18,0,782
-1.3293491609777688,0.02062243509316531,28,42,0,56
-0.615744139058758,-0.19876517228093096,26,36,0,1703
0.8790158947181989,1.1175604719636467,9,18,0,1400
-0.8080018027311129,-0.7472341907161717,79,36,0,885
1.6307260391668654,1.4466418830247911,37,1,1,1540
-0.6867582310458441,-0.41815277965502723,57,18,0,659
0.5707108124328011,-0.41815277965502723,37,36,0,1853
0.1290378012936075,0.02062243509316531,37,1,0,1054
0.5274095368309193,-0.5278465833420753,9,36,0,1714
-1.627261937118715,-1.4053970128384605,138,6,0,832
0.4563954448438333,-1.2957032091514122,37,36,0,1785
-1.5718363043483063,-1.1860094054643642,107,11,0,895
-0.5776390165291021,0.45939764984135784,37,34,1,595
-1.246210711822156,0.13031623878021345,32,19,0,1358
0.196587791232543,1.4466418830247911,26,36,0,171
-1.1093786809202095,0.6787852572154541,106,4,0,337
0.22256855659367203,0.7884790609025023,57,18,0,1408
0.29358264858075805,1.6660294903988875,37,34,0,1272
-0.26413778117147846,-0.6375403870291235,9,36,1,228
0.9032646090552526,0.8981728645895504,26,1,1,1778
-1.5406593859149516,-0.9666217980902679,14,37,1,259
-1.6584388555520697,-1.5150908165255086,27,32,1,572
-1.5146786205538225,-0.9666217980902679,5,3,0,656
-1.3778465896518763,-0.3084589759679791,73,43,1,439
-1.6411183453113172,-1.4053970128384605,85,26,0,20
-0.7872171904422096,-1.5150908165255086,37,18,0,1668
-1.6134055289261129,-1.2957032091514122,107,42,0,1123
1.2825837833277365,0.6787852572154541,65,1,0,1945
0.9482979356812097,0.2400100424672616,9,36,0,1595
-1.414219661157457,-0.6375403870291235,24,37,1,1063
-1.4938940082649192,-0.9666217980902679,29,14,0,1343
-0.1740711279195645,1.336948079337743,9,36,1,1530
-0.3524723833993172,-1.0763156017773161,72,18,0,1276
-1.5025542633852955,-0.9666217980902679,98,9,0,1328
-1.5926209166372096,-1.1860094054643642,53,12,1,793
1.7086683352502525,-0.5278465833420753,26,18,1,1537
0.9361735785126828,-1.0763156017773161,79,1,0,1589
-0.7941453945385107,0.45939764984135784,79,36,0,1577
1.157876109594317,-1.6247846202125567,37,36,0,1411
-0.028578841897241934,1.6660294903988875,72,36,1,539
-1.4453965795908117,-0.7472341907161717,71,31,1,433
-1.3016363445925645,0.13031623878021345,88,12,0,1182
-0.9586902418256612,1.5563356867118392,85,4,0,1100
0.8911402518867257,-1.2957032091514122,26,34,1,1409
-0.24508521990665053,-0.7472341907161717,37,34,0,857
0.36632879159191933,0.13031623878021345,72,34,0,680
-1.56317604922793,-1.1860094054643642,130,30,1,558
1.686151671937274,-0.7472341907161717,72,36,0,1670
-0.45466339381975807,-0.6375403870291235,65,34,1,823
0.4425390366512312,-0.5278465833420753,9,34,0,1532
-1.5545157941075536,-0.9666217980902679,19,22,1,308
-0.9794748541145645,1.5563356867118392,83,10,1,556
-1.6030132227816611,-1.2957032091514122,42,25,0,846
1.370918385555575,-1.5150908165255086,9,34,1,1639
0.4061659651456505,-0.5278465833420753,26,18,0,1982
-0.1411621584621344,-0.7472341907161717,72,1,1,294
1.2323543036295537,-0.7472341907161717,57,34,1,1564
1.1613402116424676,-0.8569279944032198,72,34,1,1922
1.0747376604387042,0.13031623878021345,72,36,1,1334
-0.4113621182178763,0.2400100424672616,57,1,0,1855
-0.018186535752790323,-0.5278465833420753,57,1,1,937
-1.059149201222027,1.1175604719636467,36,33,0,365
-1.324153007905543,0.02062243509316531,101,13,1,162
0.8772838436941236,-0.7472341907161717,57,36,1,102
-1.2687273751351344,0.13031623878021345,38,17,1,1003
0.3247595670141129,0.6787852572154541,57,34,0,1918
-1.5285350287464246,-0.9666217980902679,24,2,1,1056
1.0504889461016504,-0.3084589759679791,9,18,1,1410
-0.5655146593605752,1.336948079337743,72,18,1,1846
-1.2999042935684892,0.13031623878021345,37,5,0,1248
0.7837530883940591,1.2272542756506948,79,36,1,509
1.7225247434428548,-0.08907136859388283,72,36,0,1946
-1.5683722023001558,-1.1860094054643642,99,2,1,69
-1.6740273147687472,-1.5150908165255086,52,8,1,1105
0.802805649658887,1.0078666682765987,79,18,0,1868
1.1561440585702418,1.6660294903988875,65,18,0,1399
-0.9552261397775107,1.5563356867118392,118,28,0,1146
-0.4910364653253387,-1.4053970128384605,65,34,1,1566
1.4020953039889301,0.13031623878021345,9,36,0,967
0.8963364049589516,-0.3084589759679791,65,36,1,1421
-1.731184998563231,-1.6247846202125567,14,13,1,1237
0.6503851595402634,0.45939764984135784,9,1,0,584
0.17580317894363978,1.4466418830247911,57,34,0,1027
0.18792753611216664,1.4466418830247911,65,34,0,1434
0.39230955695304837,1.0078666682765987,26,18,0,182
-1.589156814589059,-1.1860094054643642,87,12,1,46
0.499696720445715,1.1175604719636467,26,34,0,99
-0.5603185062883494,1.1175604719636467,26,36,1,705
1.5943529676612849,0.6787852572154541,37,34,0,760
0.08054037261949999,-0.41815277965502723,65,34,0,1351
-0.3975057100252742,0.7884790609025023,79,36,1,717
1.639386294287242,1.6660294903988875,26,18,1,560
0.48584031225311286,-0.8569279944032198,72,36,0,577
1.0054556194756934,1.6660294903988875,65,18,1,1949
0.8461069252607688,-0.08907136859388283,37,18,1,909
-1.0314363848368224,1.4466418830247911,107,37,0,92
1.260067120014758,0.569091453528406,72,1,1,1740
0.5170172306864678,-0.3084589759679791,37,18,1,1813
0.589763373697629,1.6660294903988875,9,34,1,542
-1.551051692059403,-0.9666217980902679,124,25,0,891
-0.5395338939994462,0.8981728645895504,79,18,1,912
0.5291415878549945,-0.9666217980902679,37,36,0,657
-0.3005108526770591,-0.08907136859388283,26,18,1,1697
-1.6237978350705644,-1.4053970128384605,84,16,0,777
-0.25547752605110213,0.7884790609025023,79,34,1,1243
0.6122800370106075,-0.6375403870291235,79,18,1,1787
-1.344937620194446,-0.08907136859388283,77,23,0,55
-1.4800376000723172,-0.8569279944032198,95,40,0,262
0.15328651563066129,0.569091453528406,57,18,1,1471
-1.085129966583156,0.7884790609025023,2,30,1,855
0.7283274556236505,1.2272542756506948,72,36,0,1119
0.2468172709307258,-0.41815277965502723,37,36,0,751
1.4315401713982097,1.0078666682765987,57,18,0,193
0.8564992314052204,-0.5278465833420753,9,34,0,1415
1.0418286909812742,-1.2957032091514122,9,18,1,966
0.4685198020123602,-0.5278465833420753,37,34,0,1692
-1.7155965393465538,-1.6247846202125567,19,35,1,249
-0.9534940887534354,1.5563356867118392,20,31,0,231
-0.5048928735179409,-0.5278465833420753,37,36,0,590
-1.2895119874240375,0.13031623878021345,69,4,0,318
-0.20351599532884407,-1.0763156017773161,37,18,1,1225
-1.0574171501979515,1.2272542756506948,30,41,1,969
-0.15848266870288708,-0.41815277965502723,72,1,1,225
-0.1307698523176828,0.6787852572154541,72,36,1,192
1.2184978954369516,-0.19876517228093096,72,18,1,1403
0.4027018630975,-1.1860094054643642,57,1,0,1684
-0.9344415274886074,1.5563356867118392,86,38,1,924
0.4667877509882849,-1.2957032091514122,72,18,1,1304
1.3154927527851665,0.45939764984135784,65,34,1,1239
0.2918505975566828,0.2400100424672616,65,18,1,1109
-0.07188011749912365,-1.0763156017773161,26,1,1,1848
-0.8634274355015215,0.2400100424672616,57,34,0,351
-0.4511992917716075,-1.0763156017773161,9,1,1,1908
1.4713773449519407,-1.6247846202125567,9,36,1,389
-0.22776470966589785,-1.5150908165255086,72,34,0,615
-0.46505569996420965,-0.41815277965502723,37,36,0,1686
-0.7976094965866612,0.7884790609025023,79,36,0,636
0.3490082813511666,-0.8569279944032198,37,36,0,1681
-0.5239454347827688,1.5563356867118392,65,1,1,466
0.679830026949543,1.5563356867118392,79,36,1,1379
0.6521172105643387,-0.7472341907161717,26,34,0,706
0.2520134240029516,0.7884790609025023,9,36,0,234
0.05455960725837097,0.45939764984135784,26,18,0,1718
-1.0868620176072312,0.7884790609025023,23,35,1,349
-0.5759069655050268,-1.2957032091514122,9,1,1,197
0.9101928131515538,0.6787852572154541,65,36,1,341
-1.1128427829683603,0.569091453528406,62,14,1,72
-0.056291658282446234,0.6787852572154541,26,1,0,280
-0.37498904671229566,-1.0763156017773161,65,18,0,527
-0.4581274958679086,1.5563356867118392,79,18,1,261
0.06148781135467204,-1.0763156017773161,79,18,0,1910
-0.05109550521022043,-0.7472341907161717,72,1,0,747
0.9084607621274784,0.13031623878021345,65,18,1,459
0.8426428232126182,0.6787852572154541,65,34,0,905
0.9067287111034031,-0.08907136859388283,37,18,1,130
0.8495710273089193,0.569091453528406,37,36,0,241
1.1128427829683603,0.13031623878021345,9,18,0,1376
0.43734288357900536,-0.08907136859388283,65,36,1,491
1.2011773851961989,0.3497038461543097,57,34,0,1198
1.298172242544414,-0.3084589759679791,9,36,1,507
0.4096300671938011,-0.7472341907161717,9,1,0,807
-0.19831984225661828,-0.3084589759679791,9,18,1,1095
-1.5943529676612849,-1.1860094054643642,41,6,1,29
0.29877880165298387,-0.19876517228093096,57,1,0,1234
-0.32129546496596234,0.13031623878021345,9,34,1,1290
0.49450056737348924,-0.7472341907161717,79,18,0,458
-0.5689787614087258,-1.0763156017773161,79,1,0,1486
0.9205851192960053,1.6660294903988875,26,36,1,561
-1.6324580901909407,-1.4053970128384605,102,35,0,368
-1.5008222123612203,-0.9666217980902679,19,28,1,239
0.24335316888257524,0.45939764984135784,65,18,1,1405
-0.11518139310100536,-0.19876517228093096,79,36,1,1911
1.1855889259795214,-0.5278465833420753,37,36,1,1240
-0.30570700574928494,-0.3084589759679791,37,34,1,1440
0.37152494466414515,0.8981728645895504,65,1,1,1613
-0.8582312824292957,0.6787852572154541,26,36,0,1834
1.3414735181462956,0.3497038461543097,72,36,0,1753
-1.1301632932091128,0.569091453528406,129,13,0,785
-1.0626133032701774,1.1175604719636467,139,22,0,195
0.042435250089844084,1.336948079337743,65,1,1,1900
-0.18273138303994085,-0.19876517228093096,65,18,0,1628
-0.29704675062890856,-1.1860094054643642,37,34,1,1845
1.5458555389871773,1.6660294903988875,9,36,0,1743
-0.9084607621274784,1.6660294903988875,14,35,1,1332
0.8149300068274139,-0.7472341907161717,65,1,1,153
0.7750928332736827,1.6660294903988875,57,36,0,1154
1.0071876704997689,1.4466418830247911,57,36,0,356
-0.6018877308661559,-1.4053970128384605,57,34,1,1422
-1.433272222422285,-0.7472341907161717,50,0,0,750
0.2589416280992527,1.5563356867118392,9,34,0,516
-1.665367059648371,-1.5150908165255086,118,40,0,831
-0.4962326183975645,1.2272542756506948,57,34,0,1362
-1.5753004063964569,-1.1860094054643642,101,10,1,118
1.6220657840464892,-0.8569279944032198,37,1,0,1072
0.3559364854474677,-1.5150908165255086,37,34,1,1844
-0.21564035249737096,-1.5150908165255086,79,18,1,1074
0.608815934962457,-0.08907136859388283,57,34,0,1762
1.5406593859149516,0.569091453528406,79,18,0,1295
0.16194677075103764,-0.3084589759679791,26,18,1,1786
0.2693339342437043,1.0078666682765987,9,18,0,1115
1.3535978753148226,-0.41815277965502723,26,34,1,858
1.660170906576145,-1.0763156017773161,26,34,1,752
-0.866891537549672,1.6660294903988875,0,31,1,1370
-1.1457517524257903,0.569091453528406,38,6,1,126
0.32649161803818816,0.2400100424672616,9,34,0,601
-1.6826875698891235,-1.6247846202125567,16,28,1,1205
0.37672109773637097,-1.4053970128384605,37,18,1,544
0.6919543841180699,1.2272542756506948,26,34,0,350
1.421147865253758,0.569091453528406,37,36,0,1669
-0.09439678081210215,1.1175604719636467,37,34,0,737
-1.4384683754945107,-0.7472341907161717,108,20,0,279
0.7006146392384462,-0.3084589759679791,57,1,1,1333
0.34208007725486556,-1.6247846202125567,79,36,1,1226
0.4390749346030806,1.0078666682765987,26,1,1,881
1.0626133032701774,1.0078666682765987,26,1,1,568
-0.151554464606586,-1.4053970128384605,72,36,1,627
-0.8807479457422741,1.6660294903988875,70,30,1,325
-0.08054037261949999,-0.8569279944032198,9,36,0,1141
0.1688749748473387,0.569091453528406,9,18,1,1770
0.056291658282446234,-0.9666217980902679,79,18,0,1322
-0.7144710474310484,0.569091453528406,26,1,1,671
-0.43214673050677954,1.5563356867118392,57,36,0,587
-0.5932274757457795,0.13031623878021345,9,18,0,743
-1.3258850589296183,0.02062243509316531,19,16,1,83
-0.4633236489401344,-0.3084589759679791,37,34,1,778
1.712132437298403,0.2400100424672616,65,1,0,893
1.0955222727276075,-1.2957032091514122,79,34,0,727
0.27106598526777953,-0.7472341907161717,37,34,1,557
0.8131979558033386,0.02062243509316531,9,1,0,474
0.7352556597199515,-1.1860094054643642,57,18,1,592
1.0868620176072312,-1.1860094054643642,72,1,0,1476
-0.1134493420769301,-1.1860094054643642,72,1,1,1445
0.3628646895437688,-0.08907136859388283,79,34,0,1832
0.1134493420769301,1.6660294903988875,72,18,1,163
-1.544123487963102,-0.9666217980902679,121,45,0,1160
0.9396376805608333,-1.6247846202125567,9,1,1,867
-0.7473800168884784,0.3497038461543097,9,18,1,1722
0.2901185465326075,-1.4053970128384605,72,1,0,1717
0.3022429037011344,-0.19876517228093096,65,1,1,1519
-0.18965958713624192,0.8981728645895504,72,1,0,1166
-0.09093267876395161,-0.3084589759679791,72,1,1,1147
0.08400447466765053,-0.08907136859388283,79,1,1,1706
0.6105479859865323,-0.3084589759679791,72,34,1,177
1.3466696712185215,-0.19876517228093096,79,34,0,1433
0.7733607822496075,-0.08907136859388283,37,18,0,596
-0.20005189328069353,-0.5278465833420753,26,18,0,887
1.1648043136906183,0.3497038461543097,37,18,1,1428
-0.2589416280992527,-0.9666217980902679,26,18,1,226
-0.45985954689198383,1.6660294903988875,37,1,0,1840
-0.4893044143012634,-0.3084589759679791,26,34,1,1760
-0.9448338336330591,1.5563356867118392,143,32,1,1227
-1.2739235282073602,0.13031623878021345,124,17,0,218
-1.6012811717575859,-1.2957032091514122,129,2,0,1302
1.1388235483294893,-1.4053970128384605,72,1,1,875
-0.9621543438738118,1.5563356867118392,81,30,1,77
-1.0470248440535,1.336948079337743,44,37,0,269
-1.426344018325984,-0.6375403870291235,17,16,0,67
0.07361216852319892,1.5563356867118392,9,34,0,412
1.2739235282073602,-0.6375403870291235,65,34,0,1931
0.6954184861662204,1.336948079337743,65,1,0,398
0.6590454146606397,-0.19876517228093096,65,36,0,948
-0.7006146392384462,0.8981728645895504,37,1,1,1754
-1.6255298860946397,-1.4053970128384605,60,0,0,271
0.5135531286383171,-0.8569279944032198,72,36,1,1689
-0.22083650556959677,-1.4053970128384605,9,18,0,1211
0.8478389762848441,1.4466418830247911,65,36,0,1779
1.5216068246501235,-0.41815277965502723,65,36,1,1653
-1.2496748138703064,0.13031623878021345,58,31,0,117
-1.6688311616965215,-1.5150908165255086,26,13,0,85
1.6896157739854247,-0.41815277965502723,72,1,1,428
-0.5845672206254032,0.13031623878021345,26,1,0,1574
1.6515106514557687,-1.0763156017773161,37,1,1,1388
0.769896680201457,0.8981728645895504,9,1,0,184
-0.03897114804169355,-0.5278465833420753,37,36,0,203
0.9898671602590161,-1.0763156017773161,9,36,1,133
-0.45293134279568276,0.02062243509316531,65,1,0,1649
-1.4003632529648549,-0.5278465833420753,115,45,1,795
-0.13943010743805914,-0.08907136859388283,37,18,1,1594
-0.9413697315849086,1.5563356867118392,90,18,1,1179
-0.5620505573124247,-0.7472341907161717,65,1,1,1811
-0.41482622026602683,1.6660294903988875,26,18,0,1886
1.3986312019407794,-0.9666217980902679,79,34,0,692
1.0435607420053494,-0.6375403870291235,65,34,1,927
-0.47025185303643546,1.1175604719636467,57,18,1,1288
-1.0175799766442204,1.4466418830247911,85,4,0,728
0.17060702587141396,-0.6375403870291235,79,34,0,323
-0.3022429037011344,0.7884790609025023,79,36,0,1345
1.1076466298961343,-0.19876517228093096,65,34,1,1057
-0.6642415677328656,-0.5278465833420753,26,1,0,1656
-1.5337311818186505,-0.9666217980902679,20,12,0,834
-1.0089197215238441,1.5563356867118392,13,43,0,287
1.577032457420532,-0.3084589759679791,65,36,1,1694
-0.0528275562342957,-0.9666217980902679,9,36,1,1321
-0.6850261800217687,1.6660294903988875,26,1,1,1966
1.5908888656131344,1.0078666682765987,79,18,0,1026
-1.577032457420532,-1.1860094054643642,33,16,1,7
-0.2624057301474032,-0.8569279944032198,37,34,0,1890
0.8998005070071021,1.4466418830247911,79,1,0,995
1.589156814589059,-0.7472341907161717,72,1,1,1236
-0.4269505774345537,-0.8569279944032198,9,18,1,1640
-0.8686235885737472,1.6660294903988875,27,5,1,1273
0.4789121081568118,-1.4053970128384605,37,1,1,270
0.5637826083365,0.02062243509316531,26,18,0,1509
-1.712132437298403,-1.6247846202125567,107,32,0,955
-1.0452927930294247,1.336948079337743,45,15,0,1032
-1.2392825077258547,0.13031623878021345,7,44,0,15
0.11518139310100536,1.2272542756506948,72,34,0,1876
0.331687771110414,-0.6375403870291235,26,34,1,851
1.2895119874240375,-0.6375403870291235,72,34,0,1671
-0.5360697919512957,1.6660294903988875,57,36,1,944
1.3033683956166398,0.6787852572154541,72,36,1,742
1.5164106715778978,-0.19876517228093096,72,1,1,915
-0.5378018429753709,0.02062243509316531,26,34,1,1611
-0.2572095770751774,-1.2957032091514122,72,36,0,1380
-1.4557888857352634,-0.7472341907161717,121,26,0,779
-0.18099933201586557,1.6660294903988875,9,34,0,1120
0.9967953643553171,0.3497038461543097,37,18,0,1037
-1.286047885375887,0.13031623878021345,112,30,0,310
-1.150947905498016,0.569091453528406,41,5,1,1287
1.5233388756741988,-0.9666217980902679,57,1,0,976
0.06841601545097312,0.13031623878021345,72,1,1,993
-0.8391787211644677,1.2272542756506948,37,34,1,1491
0.6036197818902311,0.6787852572154541,37,36,1,1657
0.026846790873166666,0.45939764984135784,79,36,0,1467
-0.4009698120734247,1.0078666682765987,9,1,0,1472
1.292976089472188,-0.19876517228093096,57,1,1,1561
-0.4130941692419516,1.336948079337743,9,34,1,1825
0.4269505774345537,-1.1860094054643642,79,36,0,667
0.3524723833993172,0.13031623878021345,9,1,0,1357
0.8097338537551881,1.5563356867118392,65,34,1,524
1.7034721821780268,1.4466418830247911,26,1,0,1794
-0.828786415020016,-0.08907136859388283,26,36,0,1395
-1.6930798760335752,-1.6247846202125567,124,40,0,79
-1.1145748339924355,0.569091453528406,26,30,0,647
0.4806441591808871,-0.19876517228093096,26,36,0,652
0.5412659450235214,1.336948079337743,9,36,0,1442
1.1821248239313709,-1.1860094054643642,26,34,0,820
-1.1422876503776398,0.569091453528406,126,30,1,332
-0.9846710071867902,1.5563356867118392,33,45,1,634
-0.911924864175629,1.6660294903988875,99,14,1,58
-1.3553299263388978,-0.19876517228093096,140,14,0,53
-0.15328651563066129,0.45939764984135784,65,34,1,812
0.3940416079771236,-0.7472341907161717,9,36,1,1088
1.033168435860898,-1.4053970128384605,79,34,1,1854
0.01991858677686559,0.2400100424672616,9,18,1,1443
1.6445824473594677,0.3497038461543097,26,36,0,682
-1.570104253324231,-1.1860094054643642,24,41,1,970
0.014722433704639784,-0.9666217980902679,65,34,0,593
0.12210959719730645,-0.3084589759679791,79,34,1,393
0.16021471972696236,-1.2957032091514122,72,36,0,1942
1.5839606615168333,0.2400100424672616,26,18,1,435
0.5343377409272204,0.6787852572154541,79,34,1,1991
-0.525677485806844,0.13031623878021345,26,36,1,543
1.433272222422285,-0.19876517228093096,26,34,1,240
-0.00606217858426344,-1.1860094054643642,9,1,0,1556
-1.466181191879715,-0.8569279944032198,57,35,0,444
0.17233907689548925,0.45939764984135784,79,34,1,1178
1.2444786607980807,-0.3084589759679791,26,34,0,586
1.7277208965150805,1.0078666682765987,72,18,0,129
-0.3645967405678441,-0.8569279944032198,72,36,0,648
-0.7265954045995753,-0.7472341907161717,72,36,1,645
-0.5135531286383171,-1.4053970128384605,37,34,0,169
0.3680608426159946,-0.5278465833420753,26,34,1,154
0.5118210776142419,-1.6247846202125567,79,36,1,135
1.1526799565220913,-0.19876517228093096,72,34,1,1526
0.4511992917716075,0.13031623878021345,26,18,0,305
-0.8876761498385752,1.6660294903988875,50,2,0,1187
-0.7629684761051558,-1.2957032091514122,72,36,1,1609
0.24508521990665053,-0.9666217980902679,9,1,1,1448
0.2069800973769946,0.13031623878021345,72,34,0,1238
-0.34381212827894087,-1.6247846202125567,72,18,1,418
-0.8443748742366936,-0.3084589759679791,37,36,0,1418
-0.634796700323586,1.2272542756506948,9,36,0,1246
1.5960850186853601,0.8981728645895504,65,36,1,1372
1.363990181459274,1.0078666682765987,26,34,0,191
0.9448338336330591,0.569091453528406,26,34,0,1303
0.26067367912332795,0.569091453528406,65,1,0,344
-0.3628646895437688,-1.1860094054643642,57,36,0,353
-1.5302670797705,-0.9666217980902679,131,32,1,390
-0.44946724074753225,-1.2957032091514122,65,36,1,622
1.1959812321239731,-0.3084589759679791,65,34,0,1055
0.1411621584621344,-0.9666217980902679,26,18,1,1143
-0.29358264858075805,0.02062243509316531,26,1,0,1116
-1.525070926698274,-0.9666217980902679,93,16,0,468
-0.5949595267698549,-1.1860094054643642,26,18,0,1045
1.5718363043483063,0.8981728645895504,65,1,1,1274
-0.6313325982754354,-0.3084589759679791,26,34,0,212
-1.092058170679457,0.7884790609025023,55,5,0,781
-1.266995324111059,0.13031623878021345,80,4,0,919
-0.5966915777939301,0.8981728645895504,79,34,0,1614
-0.11171729105285483,-1.2957032091514122,65,18,1,1531
-0.3074390567733602,-0.8569279944032198,57,36,1,1859
-0.23122881171404838,-0.9666217980902679,72,18,0,707
-1.6515106514557687,-1.5150908165255086,22,3,1,335
0.6469210574921128,-0.3084589759679791,37,1,1,1544
1.227158150557328,-1.1860094054643642,57,34,0,815
-0.014722433704639784,-0.08907136859388283,65,18,1,1554
-0.21390830147329568,-0.6375403870291235,72,1,0,258
-0.39230955695304837,-1.6247846202125567,57,34,0,1438
0.3801851997845215,1.6660294903988875,57,1,0,1557
1.731184998563231,-0.19876517228093096,65,36,0,1928
-1.72425679446693,-1.6247846202125567,12,6,0,446
0.00606217858426344,-0.7472341907161717,9,36,0,151
1.253138915918457,-1.2957032091514122,57,36,1,1817
-1.2756555792314355,0.13031623878021345,58,6,0,89
0.9864030582108655,-0.08907136859388283,9,1,0,1183
1.4384683754945107,0.13031623878021345,79,1,0,554
-0.9638863948978871,1.5563356867118392,33,28,1,1112
0.0043301275601881715,0.6787852572154541,79,18,0,1317
0.13423395436583332,1.6660294903988875,37,36,1,496
-0.28145829141223117,-0.6375403870291235,26,1,1,140
1.3691863345314998,0.3497038461543097,26,36,1,1521
-1.2046414872443494,0.3497038461543097,124,44,0,405
0.6330646492995107,-0.5278465833420753,26,34,1,1896
0.9656184459219623,0.3497038461543097,72,18,1,1830
-1.1890530280276719,0.3497038461543097,50,21,0,569
-1.473109395976016,-0.8569279944032198,107,12,0,33
0.2572095770751774,-0.19876517228093096,9,1,0,1774
0.3697928936400699,1.5563356867118392,79,34,0,1707
-0.7369877107440268,-1.0763156017773161,57,34,1,1907
-1.6445824473594677,-1.4053970128384605,137,6,1,309
0.956958190801586,-1.6247846202125567,72,36,0,611
-0.47371595508458597,1.4466418830247911,37,18,1,306
-0.28838649550853224,1.2272542756506948,79,36,0,1156
0.6538492615884139,1.2272542756506948,37,34,1,1202
0.20005189328069353,-0.6375403870291235,72,34,1,1086
0.28838649550853224,-0.19876517228093096,26,36,0,688
-0.9171210172478548,1.6660294903988875,96,32,0,837
-0.049363454186145156,0.13031623878021345,79,18,0,1984
-0.6001556798420806,-0.19876517228093096,72,18,0,1756
-1.040096639957199,1.4466418830247911,24,2,1,819
-0.8461069252607688,0.6787852572154541,79,36,1,243
-1.176928670859145,0.569091453528406,119,13,1,96
-1.698276029105801,-1.6247846202125567,35,35,1,84
-0.5464620980957473,-1.5150908165255086,57,18,0,1478
-1.6705632127205967,-1.5150908165255086,103,6,0,1184
-0.1688749748473387,1.1175604719636467,65,1,0,619
1.3484017222425968,-0.8569279944032198,65,34,0,281
-0.29877880165298387,0.8981728645895504,9,18,0,1978
1.478305549048242,1.0078666682765987,37,1,0,644
-1.0262402317645967,1.4466418830247911,101,32,1,1167
-0.13769805641398386,-1.4053970128384605,57,34,0,1807
-0.8010735986348118,0.6787852572154541,79,18,0,616
-0.4182903223141774,-1.6247846202125567,9,18,0,988
1.5666401512760806,-0.08907136859388283,57,18,1,708
0.10825318900470429,-0.08907136859388283,79,36,0,817
0.3455441793030161,1.0078666682765987,57,34,1,157
-1.3068324976647903,0.13031623878021345,32,14,0,845
0.7213992515273494,0.569091453528406,57,36,0,1963
0.22083650556959677,-0.41815277965502723,72,34,0,681
-0.3732569956882204,1.0078666682765987,79,1,1,238
1.286047885375887,-0.5278465833420753,37,18,0,1836
-0.8842120477904247,1.6660294903988875,53,21,1,715
-1.4644491408556397,-0.8569279944032198,68,22,1,776
-0.06668396442689785,0.2400100424672616,37,34,0,1177
-0.2537454750270269,-1.0763156017773161,26,18,1,792
0.5395338939994462,1.1175604719636467,79,34,1,1899
-0.6486531085161882,-0.9666217980902679,57,34,1,1736
-0.544730047071672,0.6787852572154541,72,34,1,1077
0.9725466500182633,1.5563356867118392,9,34,0,1702
-0.7456479658644032,0.02062243509316531,57,18,1,1632
1.5735683553723816,0.569091453528406,37,34,0,1297
-1.7017401311539515,-1.6247846202125567,57,30,0,1355
-1.511214518505672,-0.9666217980902679,95,21,0,503
0.6001556798420806,-0.8569279944032198,37,1,0,1645
0.4841082612290376,0.3497038461543097,57,34,1,1850
1.6774914168168977,-0.08907136859388283,72,34,0,548
-0.12557369924545697,0.45939764984135784,37,1,0,1501
-0.03377499496946774,-1.4053970128384605,37,36,1,1732
1.6705632127205967,1.4466418830247911,57,1,1,1498
-1.4020953039889301,-0.5278465833420753,112,27,0,1377
0.2416211178585,-0.41815277965502723,79,36,0,1745
-0.012990382680564516,1.2272542756506948,57,1,1,1369
1.6549747535039192,-0.41815277965502723,79,1,1,371
1.1370914973054138,-0.9666217980902679,72,1,0,1462
-0.6815620779736182,-0.41815277965502723,72,34,1,697
-1.4194158142296827,-0.6375403870291235,52,22,1,1076
-1.2098376403165751,0.3497038461543097,68,38,1,41
-0.8720876906218978,1.6660294903988875,16,17,1,377
1.2479427628462312,0.2400100424672616,37,18,0,1535
1.2288902015814032,-0.5278465833420753,26,36,1,473
1.537195283866801,-0.19876517228093096,79,34,1,709
1.717328590370629,0.7884790609025023,9,1,1,1862
-0.8357146191163172,0.569091453528406,37,1,0,1017
1.705204233202102,0.45939764984135784,79,18,0,1857
0.12037754617323118,-0.6375403870291235,79,36,1,917
-0.9067287111034031,1.6660294903988875,95,35,0,910
-1.459252987783414,-0.8569279944032198,83,10,1,78
0.42175442436232796,0.569091453528406,72,36,1,1383
0.33861597520671505,0.6787852572154541,26,34,0,1652
-1.7034721821780268,-1.6247846202125567,101,45,1,982
0.9275133233923064,-0.19876517228093096,65,36,0,143
0.12557369924545697,-1.5150908165255086,72,1,1,1361
1.6826875698891235,-1.1860094054643642,57,1,0,293
-0.7854851394181344,-1.6247846202125567,72,36,1,740
0.9344415274886074,0.8981728645895504,79,18,1,633
-0.5914954247217042,0.2400100424672616,37,36,1,1066
1.0833979155590805,0.2400100424672616,9,18,1,410
0.03377499496946774,1.336948079337743,79,36,0,1596
1.1474838034498656,-0.6375403870291235,9,34,0,1406
0.8738197416459731,-1.5150908165255086,79,1,1,215
-0.07014806647504838,1.5563356867118392,65,34,1,1585
1.5268029777223493,-0.41815277965502723,65,18,0,546
-1.24101455874993,0.13031623878021345,18,23,1,477
-0.35074033237524194,-1.2957032091514122,79,1,1,1497
1.085129966583156,1.5563356867118392,9,36,1,1841
-1.3414735181462956,-0.08907136859388283,111,16,1,44
-1.686151671937274,-1.6247846202125567,123,2,1,1130
1.3345453140499945,-1.5150908165255086,26,1,0,1851
-0.9742787010423387,1.5563356867118392,39,39,1,748
1.6428503963353924,-0.8569279944032198,72,18,1,606
0.6729018228532418,-0.41815277965502723,72,34,0,695
-1.3345453140499945,0.02062243509316531,51,21,1,35
-1.6670991106724462,-1.5150908165255086,137,8,1,437
-0.4338787815308548,1.5563356867118392,72,34,0,1716
0.07880832159542472,0.7884790609025023,79,18,1,1664
0.6902223330939946,-0.08907136859388283,57,36,0,790
-0.91885306827193,1.6660294903988875,75,36,1,933
1.1994453341721236,0.13031623878021345,9,1,1,1704
1.6757593657928225,-0.5278465833420753,65,36,1,789
-0.5412659450235214,1.2272542756506948,72,1,1,1515
1.4609850388074892,-0.5278465833420753,72,1,0,1763
-0.6244043941791344,0.3497038461543097,65,18,0,578
1.234086354653629,0.45939764984135784,37,34,0,1713
0.3784531487604462,1.4466418830247911,72,34,1,541
0.2745300873159301,-0.3084589759679791,72,1,0,1672
0.7196672005032742,0.7884790609025023,72,1,0,703
0.9136569151997043,-1.4053970128384605,79,18,1,1904
1.1353594462813386,-0.19876517228093096,26,34,0,1306
0.5204813327346183,-0.9666217980902679,65,18,1,563
1.4246119673019084,0.8981728645895504,79,1,1,1768
-0.3455441793030161,-0.5278465833420753,9,18,0,534
1.0452927930294247,-1.4053970128384605,72,36,1,768
-1.4540568347111882,-0.7472341907161717,115,6,1,80
-0.07534421954727419,-1.6247846202125567,57,1,1,1546
0.3230275159900376,1.1175604719636467,57,34,1,490
-0.30917110779743545,0.7884790609025023,37,18,1,142
1.1803927729072956,-1.5150908165255086,65,36,0,629
-0.21217625044922042,-1.6247846202125567,37,36,1,1093
-0.14982241358251075,-0.41815277965502723,79,34,0,1233
-1.4679132429037902,-0.8569279944032198,89,38,0,483
1.5077504164575215,-1.5150908165255086,9,1,0,1917
1.344937620194446,1.336948079337743,9,1,1,923
-0.8495710273089193,-1.6247846202125567,37,1,0,532
0.23469291376219892,-1.1860094054643642,65,18,1,1634
0.4338787815308548,0.7884790609025023,9,18,1,1499
1.1838568749554461,0.3497038461543097,9,34,1,1294
-1.5527837430834783,-0.9666217980902679,138,23,0,827
0.7716287312255322,-1.6247846202125567,57,1,0,1988
0.7681646291773817,-0.08907136859388283,57,18,0,1815
-0.7162030984551236,1.4466418830247911,26,36,0,1068
1.331081212001844,-0.3084589759679791,72,34,0,1761
0.24854932195480106,-1.4053970128384605,65,1,1,702
-1.639386294287242,-1.4053970128384605,92,26,1,124
-1.4696452939278655,-0.8569279944032198,84,19,0,454
-1.033168435860898,1.4466418830247911,17,23,1,461
1.6324580901909407,-0.19876517228093096,9,34,1,567
-1.3726504365796504,-0.3084589759679791,61,41,1,94
1.5493196410353278,1.6660294903988875,72,34,1,903
0.21217625044922042,1.6660294903988875,79,34,0,1516
1.5423914369390268,0.2400100424672616,57,34,0,617
-1.717328590370629,-1.6247846202125567,80,40,0,47
0.025114739849091395,-0.41815277965502723,72,36,0,1885
1.570104253324231,-1.0763156017773161,26,18,1,946
0.10478908695655376,0.45939764984135784,57,34,0,1547
-0.9482979356812097,1.5563356867118392,29,16,0,73
-1.292976089472188,0.13031623878021345,134,14,0,1201
0.5672467103846505,0.7884790609025023,9,18,0,1608
-0.17926728099179032,1.0078666682765987,72,36,1,299
1.2704594261592097,1.1175604719636467,65,1,0,1654
-0.2069800973769946,1.0078666682765987,65,1,0,188
1.0314363848368224,-1.4053970128384605,65,18,0,104
1.5389273348908763,-0.19876517228093096,79,34,0,1390
-0.6521172105643387,-1.6247846202125567,26,36,1,786
-1.1336273952572633,0.569091453528406,15,23,1,691
1.2167658444128764,0.7884790609025023,65,1,0,1579
-1.2773876302555107,0.13031623878021345,111,23,1,179
1.098986374775758,1.5563356867118392,9,18,1,1827
0.5568544042401989,0.13031623878021345,79,18,1,1720
0.7595043740570053,0.7884790609025023,37,18,0,316
-1.4713773449519407,-0.8569279944032198,40,14,1,476
-0.9136569151997043,1.6660294903988875,116,25,1,1314
-0.6226723431550591,0.3497038461543097,26,1,1,1820
1.7017401311539515,0.2400100424672616,79,36,0,1257
1.5285350287464246,0.569091453528406,79,34,0,1980
-0.7785569353218333,-0.41815277965502723,79,36,0,1800
1.350133773266672,1.0078666682765987,79,36,1,1808
-0.12384164822138172,-1.6247846202125567,26,1,1,1937
-0.8859440988145,1.6660294903988875,124,6,0,828
1.4055594060370806,-1.6247846202125567,72,18,0,1773
0.29704675062890856,-0.08907136859388283,72,1,1,1495
-1.478305549048242,-0.8569279944032198,28,28,0,664
1.220229946461027,1.2272542756506948,65,1,0,1772
1.6082093758538871,0.02062243509316531,79,36,0,256
-1.0349004868849732,1.4466418830247911,107,17,0,81
-0.07880832159542472,-0.8569279944032198,57,1,0,1280
1.5198747736260483,-0.5278465833420753,79,34,0,1829
-0.589763373697629,0.13031623878021345,26,36,0,245
0.6451890064680376,-0.41815277965502723,9,36,0,187
-0.9292453744163817,1.5563356867118392,14,20,1,872
0.6053518329143064,-1.6247846202125567,26,1,1,770
-1.4090235080852311,-0.6375403870291235,92,25,1,1375
0.25547752605110213,-0.3084589759679791,37,34,0,1819
0.3888454549048978,1.0078666682765987,37,34,0,199
-0.6780979759254677,1.1175604719636467,9,18,0,1958
-1.4835017021204677,-0.8569279944032198,90,16,0,68
-0.4304146794827043,1.1175604719636467,57,18,0,1615
0.9257812723682312,1.0078666682765987,57,18,0,1058
-0.03204294394539247,-1.1860094054643642,57,34,0,1783
-1.3899709468204031,-0.41815277965502723,63,17,0,64
1.0972543237516827,-0.08907136859388283,57,1,1,183
-0.20178394430476881,-0.41815277965502723,9,18,1,1591
-1.2479427628462312,0.13031623878021345,116,19,1,120
-1.2236940485091774,0.2400100424672616,87,36,1,538
1.426344018325984,1.6660294903988875,37,1,0,1985
-1.0383645889331237,1.4466418830247911,128,41,1,91
-1.5198747736260483,-0.9666217980902679,132,29,1,1313
0.35940058749561826,1.336948079337743,9,18,1,1769
-1.3813106917000268,-0.41815277965502723,133,7,0,555
0.8010735986348118,0.02062243509316531,57,34,0,526
-0.28492239346038173,1.0078666682765987,57,1,0,876
-1.305100446640715,0.13031623878021345,16,4,1,1039
0.7612364250810806,1.2272542756506948,79,1,1,1623
1.305100446640715,1.0078666682765987,26,18,0,1687
1.5614439982038548,-1.2957032091514122,26,18,1,1325
1.2254260995332527,1.6660294903988875,37,1,1,292
1.525070926698274,-0.3084589759679791,65,36,0,1129
0.26586983219555377,-0.19876517228093096,65,34,1,1059
1.1457517524257903,1.0078666682765987,26,36,0,862
0.7387197617681022,-1.2957032091514122,72,1,1,1482
-1.066077405318328,1.1175604719636467,67,35,0,105
1.3137607017610913,0.3497038461543097,65,34,0,1394
-0.2520134240029516,-1.4053970128384605,79,34,0,1502
1.021044078692371,1.336948079337743,65,34,0,1247
-1.3518658242907473,-0.08907136859388283,11,24,1,734
-0.6209402921309838,0.45939764984135784,72,18,0,172
-1.7294529475391558,-1.6247846202125567,51,29,1,489
-1.537195283866801,-0.9666217980902679,135,33,1,963
-0.5222133837586935,-0.9666217980902679,9,18,1,1210
1.5856927125409086,0.3497038461543097,65,36,0,566
-0.08400447466765053,0.8981728645895504,9,18,1,1527
1.1232350891128118,-1.2957032091514122,37,34,0,700
1.1024504768239085,1.4466418830247911,57,1,1,594
1.5337311818186505,1.5563356867118392,79,36,1,1164
0.7110069453828978,0.6787852572154541,37,18,0,850
0.7092748943588225,-0.41815277965502723,72,18,0,1675
0.9240492213441559,-0.08907136859388283,79,18,0,1481
0.5048928735179409,0.569091453528406,57,36,1,517
1.4003632529648549,0.2400100424672616,9,18,0,317
-0.9673504969460376,1.5563356867118392,135,35,1,302
0.9015325580311774,-0.41815277965502723,65,18,0,1650
0.23642496478627417,-0.19876517228093096,57,1,1,1365
1.2392825077258547,1.6660294903988875,37,36,1,1688
0.44427108767530643,0.02062243509316531,26,36,0,257
1.4956260592889945,0.45939764984135784,9,34,0,564
1.0937902217035322,0.2400100424672616,65,34,0,1983
1.2046414872443494,0.2400100424672616,79,36,1,1742
0.6884902820699194,0.02062243509316531,72,18,1,774
-0.582835169601328,0.7884790609025023,9,1,1,1788
1.447128630614887,0.8981728645895504,37,18,0,704
0.4460031386993817,-0.19876517228093096,26,34,1,1573
1.3397414671222203,-0.3084589759679791,79,1,1,1284
1.2133017423647257,0.2400100424672616,57,1,0,233
-1.1821248239313709,0.45939764984135784,96,41,0,1217
-0.608815934962457,1.6660294903988875,9,18,1,147
0.7525761699607043,0.2400100424672616,65,1,1,1477
0.8305184660440914,-1.5150908165255086,57,36,1,1453
-0.5031608224938655,-0.08907136859388283,79,36,0,764
0.6625095167087903,1.0078666682765987,65,36,1,455
0.4893044143012634,0.02062243509316531,37,18,0,307
-0.04763140316206989,-0.5278465833420753,65,36,1,1661
-0.6451890064680376,-0.41815277965502723,26,1,1,1175
-0.6365287513476613,-0.7472341907161717,37,36,0,1877
0.5308736388790699,-1.1860094054643642,9,18,1,1331
0.6936864351421451,1.2272542756506948,26,34,1,1612
0.7075428433347473,1.1175604719636467,72,1,0,204
0.4304146794827043,-0.08907136859388283,37,18,0,1111
1.6497786004316934,-1.1860094054643642,57,36,0,1487
0.44080698562715587,1.336948079337743,79,36,1,430
0.859963333453371,-1.5150908165255086,26,36,1,1460
0.6434569554439623,-0.5278465833420753,65,34,0,991
0.9171210172478548,-0.3084589759679791,79,1,0,852
1.1492158544739408,-1.1860094054643642,26,18,0,1992
0.6140120880346828,1.1175604719636467,65,36,0,1588
1.6030132227816611,-0.3084589759679791,79,36,0,1110
1.5597119471797796,1.336948079337743,37,18,1,160
1.1145748339924355,-0.6375403870291235,9,18,1,710
1.4696452939278655,-1.2957032091514122,65,34,1,221
-0.35420443442339244,1.4466418830247911,79,18,1,222
-0.6140120880346828,-0.5278465833420753,72,1,1,614
0.02165063780094086,-1.2957032091514122,37,18,0,1311
1.4540568347111882,-1.5150908165255086,37,34,1,939
-0.7681646291773817,-0.19876517228093096,37,34,1,953
-0.5516582511679731,1.0078666682765987,9,1,0,1563
-0.731791557671801,0.2400100424672616,26,36,1,1973
0.18965958713624192,-0.08907136859388283,37,34,1,1552
0.46159159791605914,1.336948079337743,65,34,1,879
1.2514068648943817,1.1175604719636467,26,18,1,1013
0.31783136291781183,0.2400100424672616,72,34,1,1517
-0.8235902619477903,-0.3084589759679791,37,36,1,984
0.10305703593247849,-0.6375403870291235,26,34,1,868
-0.795877445562586,0.02062243509316531,57,34,1,1749
0.3368839241826398,0.13031623878021345,72,34,1,762
1.1751966198350698,-0.9666217980902679,26,18,1,1738
-0.4356108325549301,-0.7472341907161717,9,18,1,1010
1.4748414470000912,-1.6247846202125567,57,1,0,1444
0.7456479658644032,-0.8569279944032198,65,34,0,714
-0.892872302910801,1.6660294903988875,49,35,1,1135
1.312028650737016,1.0078666682765987,37,1,1,331
-1.5666401512760806,-1.1860094054643642,106,29,0,1255
0.035507045993543006,-0.19876517228093096,57,1,0,1990
-0.7560402720088548,-0.3084589759679791,26,1,1,1662
0.4581274958679086,0.3497038461543097,9,1,0,198
-0.4460031386993817,-0.5278465833420753,65,36,0,1219
-0.23642496478627417,0.02062243509316531,57,36,1,848
1.0366325379090484,0.569091453528406,72,34,0,1705
1.2375504567017794,-0.9666217980902679,65,34,1,589
0.8391787211644677,-1.5150908165255086,57,36,0,322
-0.18792753611216664,1.5563356867118392,9,36,0,355
1.0002594664034676,1.6660294903988875,79,1,1,886
0.06668396442689785,0.569091453528406,79,18,0,1940
-1.3743824876037258,-0.3084589759679791,126,38,1,1053
-1.0522209971257257,1.2272542756506948,23,43,0,42
-0.3559364854474677,1.4466418830247911,26,34,0,1635
-0.2243006076177473,-0.6375403870291235,79,18,0,894
-1.0435607420053494,1.336948079337743,5,3,0,1381
-0.40443391412157526,0.13031623878021345,72,1,1,1576
1.4575209367593387,0.569091453528406,57,1,0,334
0.4182903223141774,-1.6247846202125567,37,36,0,381
0.049363454186145156,1.4466418830247911,79,1,1,1967
1.3726504365796504,-0.3084589759679791,26,34,0,1002
-0.6192082411069085,0.45939764984135784,72,34,1,1659
1.544123487963102,0.6787852572154541,9,36,0,1250
-0.6711697718291666,0.3497038461543097,72,34,1,1309
1.3206889058573925,-1.1860094054643642,57,34,0,1038
-0.06841601545097312,1.5563356867118392,57,36,0,260
0.9881351092349409,0.6787852572154541,9,18,1,1971
-0.4754480061086613,1.2272542756506948,79,36,1,373
-0.5481941491198226,-0.6375403870291235,9,34,0,1695
-1.5614439982038548,-1.1860094054643642,0,12,1,155
-0.33861597520671505,-0.08907136859388283,9,34,0,146
1.3016363445925645,1.2272542756506948,79,34,0,1748
1.0349004868849732,-0.08907136859388283,65,18,0,974
-1.027972282788672,1.4466418830247911,109,6,0,1213
-0.8616953844774462,0.45939764984135784,37,1,0,1569
0.12384164822138172,1.4466418830247911,65,34,0,1943
0.09786088286025268,1.1175604719636467,65,1,1,1171
-0.12210959719730645,-1.1860094054643642,9,36,1,1222
-0.38191725080859673,-0.19876517228093096,26,36,1,693
-1.3847747937481774,-0.41815277965502723,104,8,0,30
-1.499090161337145,-0.9666217980902679,132,10,1,677
0.08920062773987635,1.2272542756506948,26,34,0,1674
-1.6619029576002204,-1.5150908165255086,123,14,1,1310
0.030310892921317202,0.8981728645895504,72,1,0,236
-1.3328132630259193,0.02062243509316531,84,25,0,38
0.8894082008626505,-0.7472341907161717,9,36,0,549
1.3795786406759516,-0.08907136859388283,79,34,0,1651
-1.0764697114627795,0.8981728645895504,60,22,0,1378
-1.2323543036295537,0.13031623878021345,36,38,0,1299
-1.0071876704997689,1.5563356867118392,61,26,1,638
1.2098376403165751,1.6660294903988875,37,1,1,1878
-1.053953048149801,1.2272542756506948,128,42,1,1122
-0.705810792310672,-1.6247846202125567,65,36,0,1485
0.9049966600793279,-0.6375403870291235,37,18,0,1065
0.28145829141223117,1.5563356867118392,65,34,0,227
0.14982241358251075,1.2272542756506948,9,36,0,1392
0.8582312824292957,1.2272542756506948,37,18,1,136
-0.6105479859865323,-0.5278465833420753,9,34,1,1402
0.26413778117147846,1.6660294903988875,72,36,0,1610
0.6365287513476613,0.6787852572154541,26,1,1,447
-0.8305184660440914,0.8981728645895504,26,1,0,213
1.4938940082649192,-1.1860094054643642,79,18,0,267
-1.620333733022414,-1.2957032091514122,47,33,1,168
1.4488606816389622,-0.08907136859388283,37,34,1,396
-1.7069362842261773,-1.6247846202125567,110,21,0,730
0.312635209845586,1.2272542756506948,72,36,1,522
0.11171729105285483,0.8981728645895504,72,1,1,694
-0.8790158947181989,1.6660294903988875,86,19,1,1034
-1.0747376604387042,1.0078666682765987,92,0,1,1256
-1.4072914570611559,-0.6375403870291235,77,7,0,481
-0.4096300671938011,-1.2957032091514122,37,34,0,1133
-1.357061977362973,-0.19876517228093096,116,19,1,1245
-0.3611326385196935,1.4466418830247911,26,1,1,1543
0.13250190334175807,-1.6247846202125567,72,34,0,1340
-0.21044419942514514,0.13031623878021345,79,18,0,423
-1.1474838034498656,0.569091453528406,66,14,0,32
1.338009416098145,1.5563356867118392,57,36,1,1078
-0.48584031225311286,-0.8569279944032198,65,34,0,361
1.2964401915203387,1.336948079337743,9,18,1,631
-1.220229946461027,0.2400100424672616,130,32,1,364
1.2566030179666074,-1.2957032091514122,9,36,1,576
0.028578841897241934,0.7884790609025023,72,1,0,1473
0.47718005713273653,-1.0763156017773161,37,1,1,1818
1.2999042935684892,-1.0763156017773161,26,36,0,1725
0.8409107721885429,1.1175604719636467,57,18,0,1099
-0.9431017826089838,1.5563356867118392,43,41,1,980
1.7259888454910053,-0.5278465833420753,57,1,1,1470
-0.3195634139418871,0.02062243509316531,72,34,1,1999
1.5354632328427258,-0.8569279944032198,72,34,1,448
-1.2652632730869837,0.13031623878021345,61,31,1,950
-0.007794229608338709,1.5563356867118392,9,34,0,676
-1.383042742724102,-0.41815277965502723,21,5,1,784
-1.452324783687113,-0.7472341907161717,69,45,0,956
1.0037235684516181,0.6787852572154541,72,34,0,1349
-0.4685198020123602,-0.08907136859388283,37,36,1,1429
-1.0366325379090484,1.4466418830247911,70,10,1,158
-0.5152851796623924,0.8981728645895504,65,36,1,882
0.866891537549672,1.0078666682765987,72,34,1,401
1.4644491408556397,-0.19876517228093096,79,34,1,1972
1.3778465896518763,0.8981728645895504,72,36,0,1344
0.2243006076177473,0.8981728645895504,9,36,0,1997
-0.7525761699607043,0.02062243509316531,72,34,0,1727
0.7162030984551236,-1.4053970128384605,57,1,1,678
0.03723909701761828,1.0078666682765987,72,18,0,246
0.04416730111391935,0.6787852572154541,65,18,0,1790
0.7127389964069731,1.2272542756506948,65,1,1,1024
1.551051692059403,0.8981728645895504,57,18,0,1254
1.0141158745960699,1.336948079337743,79,36,1,451
0.18099933201586557,-1.1860094054643642,57,1,0,545
-1.376114538627801,-0.3084589759679791,97,9,0,1324
-1.672295263744672,-1.5150908165255086,42,11,0,1113
-0.3888454549048978,-0.9666217980902679,72,1,1,449
-0.8513030783329946,-1.1860094054643642,37,1,1,1964
0.7820210373699839,-0.41815277965502723,65,36,0,1812
0.828786415020016,1.6660294903988875,26,18,0,1801
1.6809555188650482,-1.2957032091514122,26,34,1,1341
0.6763659249013925,0.45939764984135784,72,34,0,528
-1.5735683553723816,-1.1860094054643642,100,8,1,5
0.6296005472513602,0.13031623878021345,26,1,1,214
-0.17753522996771504,1.6660294903988875,37,18,1,628
-0.7543082209847796,-1.5150908165255086,79,36,1,871
0.6399928533958118,0.7884790609025023,26,1,0,1108
-0.38711340388082255,0.7884790609025023,9,18,0,194
-1.3137607017610913,0.13031623878021345,139,39,0,1354
-1.7086683352502525,-1.6247846202125567,41,6,1,166
-1.1855889259795214,0.45939764984135784,86,17,1,687
-0.6919543841180699,-0.3084589759679791,65,36,1,878
-1.0608812522461022,1.1175604719636467,81,43,1,870
0.5152851796623924,0.2400100424672616,65,1,1,1630
-1.4436645285667364,-0.7472341907161717,42,32,0,277
-0.27626213834000535,-0.41815277965502723,79,34,1,152
-1.6965439780817257,-1.6247846202125567,51,23,1,57
-0.6122800370106075,0.02062243509316531,79,18,0,1494
1.459252987783414,1.336948079337743,72,1,0,1212
0.8807479457422741,1.0078666682765987,37,36,1,829
0.267601883219629,-0.5278465833420753,57,34,1,358
0.9153889662237795,-1.4053970128384605,57,34,1,1022
-0.2918505975566828,-1.2957032091514122,26,1,1,303
0.4633236489401344,-0.8569279944032198,72,34,0,597
1.0227761297164462,-0.7472341907161717,37,1,0,399
1.5579798961557043,-1.6247846202125567,26,36,0,1780
-0.7577723230329301,0.6787852572154541,26,36,1,1602
1.6480465494076182,1.0078666682765987,79,1,0,1117
-0.5429979960475968,0.8981728645895504,37,34,1,1190
-0.07361216852319892,1.336948079337743,79,18,1,1028
-1.4038273550130054,-0.5278465833420753,34,9,1,59
1.3968991509167041,0.02062243509316531,57,18,1,1085
-0.042435250089844084,0.7884790609025023,72,18,1,1699
-0.5204813327346183,0.02062243509316531,65,34,1,1258
0.8651594865255967,-1.1860094054643642,57,34,1,624
1.2219619974851021,-0.08907136859388283,65,34,0,1139
-0.8478389762848441,-0.3084589759679791,72,34,1,224
0.14289420948620968,0.13031623878021345,26,1,0,1644
-0.9101928131515538,1.6660294903988875,117,42,0,487
1.0123838235719946,-0.6375403870291235,9,1,1,1275
-0.24854932195480106,1.6660294903988875,65,34,1,1134
-0.43734288357900536,0.7884790609025023,26,1,0,1455
-1.2947081404962635,0.13031623878021345,125,22,1,874
-1.6948119270576505,-1.6247846202125567,98,15,0,646
0.5845672206254032,-1.5150908165255086,26,18,1,1452
-0.9361735785126828,1.5563356867118392,45,32,0,441
0.3195634139418871,0.13031623878021345,9,1,1,1593
-1.253138915918457,0.13031623878021345,51,37,1,90
-0.07707627057134946,-0.41815277965502723,9,1,0,1875
0.3732569956882204,1.6660294903988875,26,34,1,1152
-1.0643453542942527,1.1175604719636467,24,11,1,265
-0.3368839241826398,-1.0763156017773161,72,18,0,769
0.7577723230329301,-0.08907136859388283,37,34,1,1643
0.892872302910801,-0.19876517228093096,57,18,1,1094
-1.1370914973054138,0.569091453528406,112,10,1,1067
-0.39923776104934944,0.7884790609025023,79,34,1,1300
0.5759069655050268,-0.19876517228093096,72,34,1,1326
1.1873209770035966,-1.1860094054643642,72,1,0,290
-1.5060183654334462,-0.9666217980902679,13,7,0,916
1.1907850790517474,-0.7472341907161717,65,18,1,1874
-0.22256855659367203,1.1175604719636467,57,18,1,1312
0.21390830147329568,-0.3084589759679791,57,1,0,1393
0.6867582310458441,0.8981728645895504,72,34,0,1523
-1.5804965594686826,-1.1860094054643642,10,19,1,484
0.8357146191163172,0.2400100424672616,57,18,0,1784
-1.1596081606183923,0.569091453528406,97,42,0,573
0.4130941692419516,-1.5150908165255086,57,34,1,986
-0.9240492213441559,1.5563356867118392,127,5,0,766
-1.5216068246501235,-0.9666217980902679,84,41,0,1218
1.105914578872059,-0.7472341907161717,79,18,1,1298
0.07707627057134946,-0.19876517228093096,65,1,0,1353
1.2548709669425322,-0.8569279944032198,57,36,1,1887
0.16541087279918817,-1.2957032091514122,57,18,1,1097
0.22603265864182256,1.1175604719636467,26,1,0,898
0.5100890265901666,-1.6247846202125567,65,36,1,983
-0.2416211178585,1.4466418830247911,72,36,1,1932
0.795877445562586,1.5563356867118392,57,18,0,1367
0.2191044545455215,1.6660294903988875,26,1,0,1489
